[{"model": "admin.logentry", "pk": 1, "fields": {"action_time": "2021-10-28T20:17:21.482Z", "user": 2, "content_type": 18, "object_id": "1", "object_repr": "Sprint object (1)", "action_flag": 2, "change_message": "[{\"changed\": {\"fields\": [\"Nombre\", \"Fecha inicio\", \"Fecha fin\"]}}]"}}, {"model": "admin.logentry", "pk": 2, "fields": {"action_time": "2021-10-28T20:17:43.499Z", "user": 2, "content_type": 17, "object_id": "17", "object_repr": "Eliminar publicacion", "action_flag": 2, "change_message": "[{\"changed\": {\"fields\": [\"Fecha\"]}}]"}}, {"model": "admin.logentry", "pk": 3, "fields": {"action_time": "2021-10-28T20:17:49.115Z", "user": 2, "content_type": 17, "object_id": "16", "object_repr": "Comentar en publicacion", "action_flag": 2, "change_message": "[{\"changed\": {\"fields\": [\"Fecha\"]}}]"}}, {"model": "admin.logentry", "pk": 4, "fields": {"action_time": "2021-10-28T20:17:56.603Z", "user": 2, "content_type": 17, "object_id": "15", "object_repr": "Desbloquear a usuarios", "action_flag": 2, "change_message": "[{\"changed\": {\"fields\": [\"Fecha\"]}}]"}}, {"model": "admin.logentry", "pk": 5, "fields": {"action_time": "2021-10-28T20:18:05.800Z", "user": 2, "content_type": 17, "object_id": "14", "object_repr": "Desbloquear a usuarios", "action_flag": 2, "change_message": "[{\"changed\": {\"fields\": [\"Fecha\"]}}]"}}, {"model": "admin.logentry", "pk": 6, "fields": {"action_time": "2021-10-28T20:18:21.351Z", "user": 2, "content_type": 17, "object_id": "13", "object_repr": "Desbloquear a usuarios", "action_flag": 2, "change_message": "[{\"changed\": {\"fields\": [\"Fecha\"]}}]"}}, {"model": "admin.logentry", "pk": 7, "fields": {"action_time": "2021-10-28T20:18:30.375Z", "user": 2, "content_type": 17, "object_id": "12", "object_repr": "Desbloquear a usuarios", "action_flag": 2, "change_message": "[{\"changed\": {\"fields\": [\"Fecha\"]}}]"}}, {"model": "admin.logentry", "pk": 8, "fields": {"action_time": "2021-10-28T20:18:38.939Z", "user": 2, "content_type": 17, "object_id": "11", "object_repr": "Desbloquear a usuarios", "action_flag": 2, "change_message": "[{\"changed\": {\"fields\": [\"Fecha\"]}}]"}}, {"model": "admin.logentry", "pk": 9, "fields": {"action_time": "2021-10-28T20:18:48.791Z", "user": 2, "content_type": 17, "object_id": "10", "object_repr": "Desbloquear a usuarios", "action_flag": 2, "change_message": "[{\"changed\": {\"fields\": [\"Fecha\"]}}]"}}, {"model": "admin.logentry", "pk": 10, "fields": {"action_time": "2021-10-28T20:18:58.085Z", "user": 2, "content_type": 17, "object_id": "9", "object_repr": "Desbloquear a usuarios", "action_flag": 2, "change_message": "[{\"changed\": {\"fields\": [\"Fecha\"]}}]"}}, {"model": "admin.logentry", "pk": 11, "fields": {"action_time": "2021-10-28T20:19:13.764Z", "user": 2, "content_type": 17, "object_id": "8", "object_repr": "Eliminar publicacion", "action_flag": 2, "change_message": "[{\"changed\": {\"fields\": [\"Fecha\"]}}]"}}, {"model": "admin.logentry", "pk": 12, "fields": {"action_time": "2021-10-28T20:19:23.407Z", "user": 2, "content_type": 17, "object_id": "7", "object_repr": "Comentar en publicacion", "action_flag": 2, "change_message": "[{\"changed\": {\"fields\": [\"Fecha\"]}}]"}}, {"model": "admin.logentry", "pk": 13, "fields": {"action_time": "2021-10-28T20:19:32.481Z", "user": 2, "content_type": 17, "object_id": "6", "object_repr": "Eliminar publicacion", "action_flag": 2, "change_message": "[{\"changed\": {\"fields\": [\"Fecha\"]}}]"}}, {"model": "admin.logentry", "pk": 14, "fields": {"action_time": "2021-10-28T20:19:36.851Z", "user": 2, "content_type": 17, "object_id": "6", "object_repr": "Eliminar publicacion", "action_flag": 2, "change_message": "[]"}}, {"model": "admin.logentry", "pk": 15, "fields": {"action_time": "2021-10-28T20:19:42.409Z", "user": 2, "content_type": 17, "object_id": "5", "object_repr": "Eliminar publicacion", "action_flag": 2, "change_message": "[{\"changed\": {\"fields\": [\"Fecha\"]}}]"}}, {"model": "admin.logentry", "pk": 16, "fields": {"action_time": "2021-10-28T20:19:48.005Z", "user": 2, "content_type": 17, "object_id": "4", "object_repr": "Eliminar publicacion", "action_flag": 2, "change_message": "[{\"changed\": {\"fields\": [\"Fecha\"]}}]"}}, {"model": "admin.logentry", "pk": 17, "fields": {"action_time": "2021-10-28T20:19:56.641Z", "user": 2, "content_type": 17, "object_id": "1", "object_repr": "Comentar en publicacion", "action_flag": 2, "change_message": "[{\"changed\": {\"fields\": [\"Fecha\"]}}]"}}, {"model": "admin.logentry", "pk": 18, "fields": {"action_time": "2021-10-28T20:20:02.172Z", "user": 2, "content_type": 17, "object_id": "2", "object_repr": "Eliminar publicacion", "action_flag": 2, "change_message": "[{\"changed\": {\"fields\": [\"Fecha\"]}}]"}}, {"model": "admin.logentry", "pk": 19, "fields": {"action_time": "2021-10-28T20:20:07.639Z", "user": 2, "content_type": 17, "object_id": "3", "object_repr": "Eliminar publicacion", "action_flag": 2, "change_message": "[{\"changed\": {\"fields\": [\"Fecha\"]}}]"}}, {"model": "admin.logentry", "pk": 20, "fields": {"action_time": "2021-10-28T20:20:11.938Z", "user": 2, "content_type": 17, "object_id": "5", "object_repr": "Eliminar publicacion", "action_flag": 2, "change_message": "[]"}}, {"model": "admin.logentry", "pk": 21, "fields": {"action_time": "2021-10-28T20:21:21.954Z", "user": 2, "content_type": 17, "object_id": "1", "object_repr": "Comentar en publicacion", "action_flag": 2, "change_message": "[{\"changed\": {\"fields\": [\"Fecha\"]}}]"}}, {"model": "admin.logentry", "pk": 22, "fields": {"action_time": "2021-10-28T20:22:06.409Z", "user": 2, "content_type": 17, "object_id": "2", "object_repr": "Eliminar publicacion", "action_flag": 2, "change_message": "[{\"changed\": {\"fields\": [\"Fecha\"]}}]"}}, {"model": "admin.logentry", "pk": 23, "fields": {"action_time": "2021-10-28T20:22:35.611Z", "user": 2, "content_type": 18, "object_id": "1", "object_repr": "Sprint object (1)", "action_flag": 2, "change_message": "[{\"changed\": {\"fields\": [\"Fecha fin\"]}}]"}}, {"model": "admin.logentry", "pk": 24, "fields": {"action_time": "2021-10-28T20:39:23.706Z", "user": 2, "content_type": 18, "object_id": "2", "object_repr": "Sprint object (2)", "action_flag": 2, "change_message": "[{\"changed\": {\"fields\": [\"Fecha inicio\"]}}]"}}, {"model": "admin.logentry", "pk": 25, "fields": {"action_time": "2021-10-28T20:41:14.905Z", "user": 2, "content_type": 17, "object_id": "23", "object_repr": "Iniciar sesion con Google", "action_flag": 2, "change_message": "[{\"changed\": {\"fields\": [\"Fecha\"]}}]"}}, {"model": "admin.logentry", "pk": 26, "fields": {"action_time": "2021-10-28T20:41:22.595Z", "user": 2, "content_type": 17, "object_id": "24", "object_repr": "Iniciar sesion con Google", "action_flag": 2, "change_message": "[{\"changed\": {\"fields\": [\"Fecha\"]}}]"}}, {"model": "admin.logentry", "pk": 27, "fields": {"action_time": "2021-10-28T20:41:30.760Z", "user": 2, "content_type": 17, "object_id": "26", "object_repr": "Iniciar sesion con Google", "action_flag": 2, "change_message": "[{\"changed\": {\"fields\": [\"Fecha\"]}}]"}}, {"model": "admin.logentry", "pk": 28, "fields": {"action_time": "2021-10-28T20:42:14.966Z", "user": 2, "content_type": 17, "object_id": "21", "object_repr": "Recoleccion de datos de usuarios", "action_flag": 2, "change_message": "[{\"changed\": {\"fields\": [\"Fecha\"]}}]"}}, {"model": "admin.logentry", "pk": 29, "fields": {"action_time": "2021-10-28T20:42:23.441Z", "user": 2, "content_type": 17, "object_id": "22", "object_repr": "Recoleccion de datos de usuarios", "action_flag": 2, "change_message": "[{\"changed\": {\"fields\": [\"Fecha\"]}}]"}}, {"model": "admin.logentry", "pk": 30, "fields": {"action_time": "2021-10-28T20:42:33.924Z", "user": 2, "content_type": 17, "object_id": "27", "object_repr": "Recoleccion de datos de usuarios", "action_flag": 2, "change_message": "[{\"changed\": {\"fields\": [\"Fecha\"]}}]"}}, {"model": "admin.logentry", "pk": 31, "fields": {"action_time": "2021-10-28T20:43:08.905Z", "user": 2, "content_type": 17, "object_id": "18", "object_repr": "Sistema de likes", "action_flag": 2, "change_message": "[{\"changed\": {\"fields\": [\"Fecha\"]}}]"}}, {"model": "admin.logentry", "pk": 32, "fields": {"action_time": "2021-10-28T20:43:21.507Z", "user": 2, "content_type": 17, "object_id": "19", "object_repr": "Sistema de likes", "action_flag": 2, "change_message": "[{\"changed\": {\"fields\": [\"Fecha\"]}}]"}}, {"model": "admin.logentry", "pk": 33, "fields": {"action_time": "2021-10-28T20:43:29.241Z", "user": 2, "content_type": 17, "object_id": "20", "object_repr": "Sistema de likes", "action_flag": 2, "change_message": "[{\"changed\": {\"fields\": [\"Fecha\"]}}]"}}, {"model": "admin.logentry", "pk": 34, "fields": {"action_time": "2021-10-28T20:44:09.658Z", "user": 2, "content_type": 17, "object_id": "27", "object_repr": "Recoleccion de datos de usuarios", "action_flag": 2, "change_message": "[{\"changed\": {\"fields\": [\"Fecha\"]}}]"}}, {"model": "admin.logentry", "pk": 35, "fields": {"action_time": "2021-10-28T20:44:16.229Z", "user": 2, "content_type": 17, "object_id": "26", "object_repr": "Iniciar sesion con Google", "action_flag": 2, "change_message": "[{\"changed\": {\"fields\": [\"Fecha\"]}}]"}}, {"model": "admin.logentry", "pk": 36, "fields": {"action_time": "2021-10-28T20:44:32.016Z", "user": 2, "content_type": 17, "object_id": "25", "object_repr": "Sistema de likes", "action_flag": 2, "change_message": "[{\"changed\": {\"fields\": [\"Fecha\"]}}]"}}, {"model": "admin.logentry", "pk": 37, "fields": {"action_time": "2021-10-28T20:44:56.368Z", "user": 2, "content_type": 17, "object_id": "20", "object_repr": "Sistema de likes", "action_flag": 2, "change_message": "[{\"changed\": {\"fields\": [\"Fecha\"]}}]"}}, {"model": "admin.logentry", "pk": 38, "fields": {"action_time": "2021-10-28T20:45:37.487Z", "user": 2, "content_type": 18, "object_id": "2", "object_repr": "Sprint object (2)", "action_flag": 2, "change_message": "[{\"changed\": {\"fields\": [\"Fecha fin\"]}}]"}}, {"model": "admin.logentry", "pk": 39, "fields": {"action_time": "2021-10-28T20:46:12.036Z", "user": 2, "content_type": 18, "object_id": "2", "object_repr": "Sprint object (2)", "action_flag": 2, "change_message": "[{\"changed\": {\"fields\": [\"Nombre\"]}}]"}}, {"model": "admin.logentry", "pk": 40, "fields": {"action_time": "2021-10-28T20:57:19.631Z", "user": 2, "content_type": 18, "object_id": "3", "object_repr": "Sprint object (3)", "action_flag": 2, "change_message": "[{\"changed\": {\"fields\": [\"Fecha inicio\"]}}]"}}, {"model": "admin.logentry", "pk": 41, "fields": {"action_time": "2021-10-28T20:57:37.555Z", "user": 2, "content_type": 17, "object_id": "28", "object_repr": "Bloquear usuarios", "action_flag": 2, "change_message": "[{\"changed\": {\"fields\": [\"Fecha\"]}}]"}}, {"model": "admin.logentry", "pk": 42, "fields": {"action_time": "2021-10-28T20:57:48.773Z", "user": 2, "content_type": 17, "object_id": "32", "object_repr": "Editar perfil personal", "action_flag": 2, "change_message": "[{\"changed\": {\"fields\": [\"Fecha\"]}}]"}}, {"model": "admin.logentry", "pk": 43, "fields": {"action_time": "2021-10-28T20:57:55.731Z", "user": 2, "content_type": 17, "object_id": "33", "object_repr": "Editar perfil personal", "action_flag": 2, "change_message": "[{\"changed\": {\"fields\": [\"Fecha\"]}}]"}}, {"model": "admin.logentry", "pk": 44, "fields": {"action_time": "2021-10-28T20:58:00.946Z", "user": 2, "content_type": 17, "object_id": "34", "object_repr": "Editar perfil personal", "action_flag": 2, "change_message": "[{\"changed\": {\"fields\": [\"Fecha\"]}}]"}}, {"model": "admin.logentry", "pk": 45, "fields": {"action_time": "2021-10-28T20:58:21.475Z", "user": 2, "content_type": 17, "object_id": "31", "object_repr": "Editar perfil personal", "action_flag": 2, "change_message": "[{\"changed\": {\"fields\": [\"Detalles\"]}}]"}}, {"model": "admin.logentry", "pk": 46, "fields": {"action_time": "2021-10-28T20:58:30.438Z", "user": 2, "content_type": 17, "object_id": "31", "object_repr": "Editar perfil personal", "action_flag": 2, "change_message": "[{\"changed\": {\"fields\": [\"Fecha\"]}}]"}}, {"model": "admin.logentry", "pk": 47, "fields": {"action_time": "2021-10-28T20:58:34.918Z", "user": 2, "content_type": 17, "object_id": "32", "object_repr": "Editar perfil personal", "action_flag": 2, "change_message": "[]"}}, {"model": "admin.logentry", "pk": 48, "fields": {"action_time": "2021-10-28T20:58:39.176Z", "user": 2, "content_type": 17, "object_id": "33", "object_repr": "Editar perfil personal", "action_flag": 2, "change_message": "[]"}}, {"model": "admin.logentry", "pk": 49, "fields": {"action_time": "2021-10-28T20:58:43.067Z", "user": 2, "content_type": 17, "object_id": "34", "object_repr": "Editar perfil personal", "action_flag": 2, "change_message": "[]"}}, {"model": "admin.logentry", "pk": 50, "fields": {"action_time": "2021-10-28T20:59:05.451Z", "user": 2, "content_type": 17, "object_id": "35", "object_repr": "Bloquear usuarios", "action_flag": 2, "change_message": "[{\"changed\": {\"fields\": [\"Fecha\"]}}]"}}, {"model": "admin.logentry", "pk": 51, "fields": {"action_time": "2021-10-28T20:59:09.558Z", "user": 2, "content_type": 17, "object_id": "34", "object_repr": "Editar perfil personal", "action_flag": 2, "change_message": "[]"}}, {"model": "admin.logentry", "pk": 52, "fields": {"action_time": "2021-10-28T20:59:29.336Z", "user": 2, "content_type": 17, "object_id": "28", "object_repr": "Bloquear usuarios", "action_flag": 2, "change_message": "[{\"changed\": {\"fields\": [\"Fecha\"]}}]"}}, {"model": "admin.logentry", "pk": 53, "fields": {"action_time": "2021-10-28T21:00:01.742Z", "user": 2, "content_type": 17, "object_id": "34", "object_repr": "Editar perfil personal", "action_flag": 2, "change_message": "[{\"changed\": {\"fields\": [\"Fecha\"]}}]"}}, {"model": "admin.logentry", "pk": 54, "fields": {"action_time": "2021-10-28T21:00:11.120Z", "user": 2, "content_type": 17, "object_id": "33", "object_repr": "Editar perfil personal", "action_flag": 2, "change_message": "[{\"changed\": {\"fields\": [\"Fecha\"]}}]"}}, {"model": "admin.logentry", "pk": 55, "fields": {"action_time": "2021-10-28T21:00:18.602Z", "user": 2, "content_type": 17, "object_id": "30", "object_repr": "Bloquear usuarios", "action_flag": 2, "change_message": "[{\"changed\": {\"fields\": [\"Fecha\"]}}]"}}, {"model": "admin.logentry", "pk": 56, "fields": {"action_time": "2021-10-28T21:00:49.784Z", "user": 2, "content_type": 17, "object_id": "35", "object_repr": "Bloquear usuarios", "action_flag": 2, "change_message": "[{\"changed\": {\"fields\": [\"Fecha\"]}}]"}}, {"model": "admin.logentry", "pk": 57, "fields": {"action_time": "2021-10-28T21:01:30.793Z", "user": 2, "content_type": 17, "object_id": "29", "object_repr": "Bloquear usuarios", "action_flag": 2, "change_message": "[{\"changed\": {\"fields\": [\"Fecha\"]}}]"}}, {"model": "admin.logentry", "pk": 58, "fields": {"action_time": "2021-10-28T21:02:19.817Z", "user": 2, "content_type": 18, "object_id": "3", "object_repr": "Sprint object (3)", "action_flag": 2, "change_message": "[{\"changed\": {\"fields\": [\"Fecha fin\"]}}]"}}, {"model": "admin.logentry", "pk": 59, "fields": {"action_time": "2021-10-28T21:02:25.163Z", "user": 2, "content_type": 18, "object_id": "3", "object_repr": "Sprint object (3)", "action_flag": 2, "change_message": "[{\"changed\": {\"fields\": [\"Nombre\"]}}]"}}, {"model": "admin.logentry", "pk": 60, "fields": {"action_time": "2021-10-28T22:05:57.786Z", "user": 2, "content_type": 18, "object_id": "4", "object_repr": "Sprint object (4)", "action_flag": 2, "change_message": "[{\"changed\": {\"fields\": [\"Nombre\", \"Fecha inicio\"]}}]"}}, {"model": "auth.permission", "pk": 1, "fields": {"name": "Can add log entry", "content_type": 1, "codename": "add_logentry"}}, {"model": "auth.permission", "pk": 2, "fields": {"name": "Can change log entry", "content_type": 1, "codename": "change_logentry"}}, {"model": "auth.permission", "pk": 3, "fields": {"name": "Can delete log entry", "content_type": 1, "codename": "delete_logentry"}}, {"model": "auth.permission", "pk": 4, "fields": {"name": "Can view log entry", "content_type": 1, "codename": "view_logentry"}}, {"model": "auth.permission", "pk": 5, "fields": {"name": "Can add permission", "content_type": 2, "codename": "add_permission"}}, {"model": "auth.permission", "pk": 6, "fields": {"name": "Can change permission", "content_type": 2, "codename": "change_permission"}}, {"model": "auth.permission", "pk": 7, "fields": {"name": "Can delete permission", "content_type": 2, "codename": "delete_permission"}}, {"model": "auth.permission", "pk": 8, "fields": {"name": "Can view permission", "content_type": 2, "codename": "view_permission"}}, {"model": "auth.permission", "pk": 9, "fields": {"name": "Can add group", "content_type": 3, "codename": "add_group"}}, {"model": "auth.permission", "pk": 10, "fields": {"name": "Can change group", "content_type": 3, "codename": "change_group"}}, {"model": "auth.permission", "pk": 11, "fields": {"name": "Can delete group", "content_type": 3, "codename": "delete_group"}}, {"model": "auth.permission", "pk": 12, "fields": {"name": "Can view group", "content_type": 3, "codename": "view_group"}}, {"model": "auth.permission", "pk": 13, "fields": {"name": "Can add content type", "content_type": 4, "codename": "add_contenttype"}}, {"model": "auth.permission", "pk": 14, "fields": {"name": "Can change content type", "content_type": 4, "codename": "change_contenttype"}}, {"model": "auth.permission", "pk": 15, "fields": {"name": "Can delete content type", "content_type": 4, "codename": "delete_contenttype"}}, {"model": "auth.permission", "pk": 16, "fields": {"name": "Can view content type", "content_type": 4, "codename": "view_contenttype"}}, {"model": "auth.permission", "pk": 17, "fields": {"name": "Can add session", "content_type": 5, "codename": "add_session"}}, {"model": "auth.permission", "pk": 18, "fields": {"name": "Can change session", "content_type": 5, "codename": "change_session"}}, {"model": "auth.permission", "pk": 19, "fields": {"name": "Can delete session", "content_type": 5, "codename": "delete_session"}}, {"model": "auth.permission", "pk": 20, "fields": {"name": "Can view session", "content_type": 5, "codename": "view_session"}}, {"model": "auth.permission", "pk": 21, "fields": {"name": "Can add site", "content_type": 6, "codename": "add_site"}}, {"model": "auth.permission", "pk": 22, "fields": {"name": "Can change site", "content_type": 6, "codename": "change_site"}}, {"model": "auth.permission", "pk": 23, "fields": {"name": "Can delete site", "content_type": 6, "codename": "delete_site"}}, {"model": "auth.permission", "pk": 24, "fields": {"name": "Can view site", "content_type": 6, "codename": "view_site"}}, {"model": "auth.permission", "pk": 25, "fields": {"name": "Can add email address", "content_type": 7, "codename": "add_emailaddress"}}, {"model": "auth.permission", "pk": 26, "fields": {"name": "Can change email address", "content_type": 7, "codename": "change_emailaddress"}}, {"model": "auth.permission", "pk": 27, "fields": {"name": "Can delete email address", "content_type": 7, "codename": "delete_emailaddress"}}, {"model": "auth.permission", "pk": 28, "fields": {"name": "Can view email address", "content_type": 7, "codename": "view_emailaddress"}}, {"model": "auth.permission", "pk": 29, "fields": {"name": "Can add email confirmation", "content_type": 8, "codename": "add_emailconfirmation"}}, {"model": "auth.permission", "pk": 30, "fields": {"name": "Can change email confirmation", "content_type": 8, "codename": "change_emailconfirmation"}}, {"model": "auth.permission", "pk": 31, "fields": {"name": "Can delete email confirmation", "content_type": 8, "codename": "delete_emailconfirmation"}}, {"model": "auth.permission", "pk": 32, "fields": {"name": "Can view email confirmation", "content_type": 8, "codename": "view_emailconfirmation"}}, {"model": "auth.permission", "pk": 33, "fields": {"name": "Can add social account", "content_type": 9, "codename": "add_socialaccount"}}, {"model": "auth.permission", "pk": 34, "fields": {"name": "Can change social account", "content_type": 9, "codename": "change_socialaccount"}}, {"model": "auth.permission", "pk": 35, "fields": {"name": "Can delete social account", "content_type": 9, "codename": "delete_socialaccount"}}, {"model": "auth.permission", "pk": 36, "fields": {"name": "Can view social account", "content_type": 9, "codename": "view_socialaccount"}}, {"model": "auth.permission", "pk": 37, "fields": {"name": "Can add social application", "content_type": 10, "codename": "add_socialapp"}}, {"model": "auth.permission", "pk": 38, "fields": {"name": "Can change social application", "content_type": 10, "codename": "change_socialapp"}}, {"model": "auth.permission", "pk": 39, "fields": {"name": "Can delete social application", "content_type": 10, "codename": "delete_socialapp"}}, {"model": "auth.permission", "pk": 40, "fields": {"name": "Can view social application", "content_type": 10, "codename": "view_socialapp"}}, {"model": "auth.permission", "pk": 41, "fields": {"name": "Can add social application token", "content_type": 11, "codename": "add_socialtoken"}}, {"model": "auth.permission", "pk": 42, "fields": {"name": "Can change social application token", "content_type": 11, "codename": "change_socialtoken"}}, {"model": "auth.permission", "pk": 43, "fields": {"name": "Can delete social application token", "content_type": 11, "codename": "delete_socialtoken"}}, {"model": "auth.permission", "pk": 44, "fields": {"name": "Can view social application token", "content_type": 11, "codename": "view_socialtoken"}}, {"model": "auth.permission", "pk": 45, "fields": {"name": "Puede crear proyectos", "content_type": 12, "codename": "CREAR_PROYECTO"}}, {"model": "auth.permission", "pk": 46, "fields": {"name": "Puede editar las opciones de sistema de los usuarios", "content_type": 12, "codename": "EDITAR_USUARIO"}}, {"model": "auth.permission", "pk": 47, "fields": {"name": "Puede eliminar el registro de usuarios", "content_type": 12, "codename": "ELIMINAR_USUARIO"}}, {"model": "auth.permission", "pk": 48, "fields": {"name": "Puede ver la lista de usuarios en el sistema", "content_type": 12, "codename": "VER_USUARIOS"}}, {"model": "auth.permission", "pk": 49, "fields": {"name": "Puede editar las opciones de los proyecto", "content_type": 12, "codename": "EDITAR_PROYECTOS"}}, {"model": "auth.permission", "pk": 50, "fields": {"name": "Puede eliminar el proyecto", "content_type": 12, "codename": "BORRAR_PROYECTO"}}, {"model": "auth.permission", "pk": 51, "fields": {"name": "Can add miembro", "content_type": 13, "codename": "add_miembro"}}, {"model": "auth.permission", "pk": 52, "fields": {"name": "Can change miembro", "content_type": 13, "codename": "change_miembro"}}, {"model": "auth.permission", "pk": 53, "fields": {"name": "Can delete miembro", "content_type": 13, "codename": "delete_miembro"}}, {"model": "auth.permission", "pk": 54, "fields": {"name": "Can view miembro", "content_type": 13, "codename": "view_miembro"}}, {"model": "auth.permission", "pk": 55, "fields": {"name": "Can add rol", "content_type": 14, "codename": "add_rol"}}, {"model": "auth.permission", "pk": 56, "fields": {"name": "Can change rol", "content_type": 14, "codename": "change_rol"}}, {"model": "auth.permission", "pk": 57, "fields": {"name": "Can delete rol", "content_type": 14, "codename": "delete_rol"}}, {"model": "auth.permission", "pk": 58, "fields": {"name": "Can view rol", "content_type": 14, "codename": "view_rol"}}, {"model": "auth.permission", "pk": 59, "fields": {"name": "Puede visualizar el proyecto en la lista de proyectos", "content_type": 15, "codename": "VER_PROYECTO"}}, {"model": "auth.permission", "pk": 60, "fields": {"name": "Puede iniciar la ejecucion de un proyecto", "content_type": 15, "codename": "INICIAR_PROYECTO"}}, {"model": "auth.permission", "pk": 61, "fields": {"name": "Puede cancelar el proyecto", "content_type": 15, "codename": "CANCELAR_PROYECTO"}}, {"model": "auth.permission", "pk": 62, "fields": {"name": "Puede ver la lista de miembros del proyecto", "content_type": 15, "codename": "VER_MIEMBRO"}}, {"model": "auth.permission", "pk": 63, "fields": {"name": "Puede agregar miembros al proyecto", "content_type": 15, "codename": "AGREGAR_MIEMBRO"}}, {"model": "auth.permission", "pk": 64, "fields": {"name": "Puede editar roles de miembros del proyecto", "content_type": 15, "codename": "EDITAR_MIEMBRO"}}, {"model": "auth.permission", "pk": 65, "fields": {"name": "Puede eliminar miembros del proyecto", "content_type": 15, "codename": "ELIMINAR_MIEMBRO"}}, {"model": "auth.permission", "pk": 66, "fields": {"name": "Puede ver lista de roles del proyecto", "content_type": 15, "codename": "VER_ROL"}}, {"model": "auth.permission", "pk": 67, "fields": {"name": "Puede crear roles del proyecto", "content_type": 15, "codename": "CREAR_ROL"}}, {"model": "auth.permission", "pk": 68, "fields": {"name": "Puede editar roles del proyecto", "content_type": 15, "codename": "EDITAR_ROL"}}, {"model": "auth.permission", "pk": 69, "fields": {"name": "Puede eliminar roles del proyecto", "content_type": 15, "codename": "ELIMINAR_ROL"}}, {"model": "auth.permission", "pk": 70, "fields": {"name": "Puede visualizar la seccion de product backlog", "content_type": 15, "codename": "VER_PRODUCT_BACKLOG"}}, {"model": "auth.permission", "pk": 71, "fields": {"name": "Puede crear user stories", "content_type": 15, "codename": "CREAR_USER_STORY"}}, {"model": "auth.permission", "pk": 72, "fields": {"name": "Puede editar user stories", "content_type": 15, "codename": "EDITAR_USER_STORY"}}, {"model": "auth.permission", "pk": 73, "fields": {"name": "Puede eliminar user stories", "content_type": 15, "codename": "ELIMINAR_USER_STORY"}}, {"model": "auth.permission", "pk": 74, "fields": {"name": "Puede ver la seccion de planificacion de sprint", "content_type": 15, "codename": "VER_SPRINT_PLANNING"}}, {"model": "auth.permission", "pk": 75, "fields": {"name": "Puede planificar el siguiente sprint", "content_type": 15, "codename": "PLANIFICAR_SPRINT"}}, {"model": "auth.permission", "pk": 76, "fields": {"name": "Puede estimar los user stories en la planificacion", "content_type": 15, "codename": "ESTIMAR_USER_STORY"}}, {"model": "auth.permission", "pk": 77, "fields": {"name": "Puede iniciar un sprint ", "content_type": 15, "codename": "INICIAR_SPRINT"}}, {"model": "auth.permission", "pk": 78, "fields": {"name": "Puede terminar un sprint ", "content_type": 15, "codename": "TERMINAR_SPRINT"}}, {"model": "auth.permission", "pk": 79, "fields": {"name": "Puede ver la seccion de sprint backlog", "content_type": 15, "codename": "VER_SPRINT_BACKLOG"}}, {"model": "auth.permission", "pk": 80, "fields": {"name": "Puede reasignar miembros en el sprint backlog", "content_type": 15, "codename": "REASIGNAR_MIEMBRO"}}, {"model": "auth.permission", "pk": 81, "fields": {"name": "Puede ver los registros sobre un user story", "content_type": 15, "codename": "VER_REGISTRO_US"}}, {"model": "auth.permission", "pk": 82, "fields": {"name": "Puede crear registros de user story", "content_type": 15, "codename": "CREAR_REGISTRO_US"}}, {"model": "auth.permission", "pk": 83, "fields": {"name": "Puede cambiar los estados de us en la tabla kanban", "content_type": 15, "codename": "CAMBIO_ESTADO_US"}}, {"model": "auth.permission", "pk": 84, "fields": {"name": "Puede ver los graficos generados en los sprints", "content_type": 15, "codename": "VER_BURNDOWNCHART"}}, {"model": "auth.permission", "pk": 85, "fields": {"name": "Puede ver todos los registros creados en un proyecto", "content_type": 15, "codename": "VER_REGISTROS"}}, {"model": "auth.permission", "pk": 86, "fields": {"name": "Can add estimacion planificada", "content_type": 16, "codename": "add_estimacionplanificada"}}, {"model": "auth.permission", "pk": 87, "fields": {"name": "Can change estimacion planificada", "content_type": 16, "codename": "change_estimacionplanificada"}}, {"model": "auth.permission", "pk": 88, "fields": {"name": "Can delete estimacion planificada", "content_type": 16, "codename": "delete_estimacionplanificada"}}, {"model": "auth.permission", "pk": 89, "fields": {"name": "Can view estimacion planificada", "content_type": 16, "codename": "view_estimacionplanificada"}}, {"model": "auth.permission", "pk": 90, "fields": {"name": "Can add registro user story", "content_type": 17, "codename": "add_registrouserstory"}}, {"model": "auth.permission", "pk": 91, "fields": {"name": "Can change registro user story", "content_type": 17, "codename": "change_registrouserstory"}}, {"model": "auth.permission", "pk": 92, "fields": {"name": "Can delete registro user story", "content_type": 17, "codename": "delete_registrouserstory"}}, {"model": "auth.permission", "pk": 93, "fields": {"name": "Can view registro user story", "content_type": 17, "codename": "view_registrouserstory"}}, {"model": "auth.permission", "pk": 94, "fields": {"name": "Can add sprint", "content_type": 18, "codename": "add_sprint"}}, {"model": "auth.permission", "pk": 95, "fields": {"name": "Can change sprint", "content_type": 18, "codename": "change_sprint"}}, {"model": "auth.permission", "pk": 96, "fields": {"name": "Can delete sprint", "content_type": 18, "codename": "delete_sprint"}}, {"model": "auth.permission", "pk": 97, "fields": {"name": "Can view sprint", "content_type": 18, "codename": "view_sprint"}}, {"model": "auth.permission", "pk": 98, "fields": {"name": "Can add user story", "content_type": 19, "codename": "add_userstory"}}, {"model": "auth.permission", "pk": 99, "fields": {"name": "Can change user story", "content_type": 19, "codename": "change_userstory"}}, {"model": "auth.permission", "pk": 100, "fields": {"name": "Can delete user story", "content_type": 19, "codename": "delete_userstory"}}, {"model": "auth.permission", "pk": 101, "fields": {"name": "Can view user story", "content_type": 19, "codename": "view_userstory"}}, {"model": "auth.permission", "pk": 102, "fields": {"name": "Can add group object permission", "content_type": 20, "codename": "add_groupobjectpermission"}}, {"model": "auth.permission", "pk": 103, "fields": {"name": "Can change group object permission", "content_type": 20, "codename": "change_groupobjectpermission"}}, {"model": "auth.permission", "pk": 104, "fields": {"name": "Can delete group object permission", "content_type": 20, "codename": "delete_groupobjectpermission"}}, {"model": "auth.permission", "pk": 105, "fields": {"name": "Can view group object permission", "content_type": 20, "codename": "view_groupobjectpermission"}}, {"model": "auth.permission", "pk": 106, "fields": {"name": "Can add user object permission", "content_type": 21, "codename": "add_userobjectpermission"}}, {"model": "auth.permission", "pk": 107, "fields": {"name": "Can change user object permission", "content_type": 21, "codename": "change_userobjectpermission"}}, {"model": "auth.permission", "pk": 108, "fields": {"name": "Can delete user object permission", "content_type": 21, "codename": "delete_userobjectpermission"}}, {"model": "auth.permission", "pk": 109, "fields": {"name": "Can view user object permission", "content_type": 21, "codename": "view_userobjectpermission"}}, {"model": "auth.group", "pk": 1, "fields": {"name": "Administrador", "permissions": [50, 45, 49, 46, 47, 48]}}, {"model": "auth.group", "pk": 2, "fields": {"name": "Developer1", "permissions": []}}, {"model": "auth.group", "pk": 3, "fields": {"name": "Product Owner1", "permissions": []}}, {"model": "auth.group", "pk": 4, "fields": {"name": "Scrum Master1", "permissions": []}}, {"model": "auth.group", "pk": 5, "fields": {"name": "Developer2", "permissions": []}}, {"model": "auth.group", "pk": 6, "fields": {"name": "Product Owner2", "permissions": []}}, {"model": "auth.group", "pk": 7, "fields": {"name": "Scrum Master2", "permissions": []}}, {"model": "contenttypes.contenttype", "pk": 1, "fields": {"app_label": "admin", "model": "logentry"}}, {"model": "contenttypes.contenttype", "pk": 2, "fields": {"app_label": "auth", "model": "permission"}}, {"model": "contenttypes.contenttype", "pk": 3, "fields": {"app_label": "auth", "model": "group"}}, {"model": "contenttypes.contenttype", "pk": 4, "fields": {"app_label": "contenttypes", "model": "contenttype"}}, {"model": "contenttypes.contenttype", "pk": 5, "fields": {"app_label": "sessions", "model": "session"}}, {"model": "contenttypes.contenttype", "pk": 6, "fields": {"app_label": "sites", "model": "site"}}, {"model": "contenttypes.contenttype", "pk": 7, "fields": {"app_label": "account", "model": "emailaddress"}}, {"model": "contenttypes.contenttype", "pk": 8, "fields": {"app_label": "account", "model": "emailconfirmation"}}, {"model": "contenttypes.contenttype", "pk": 9, "fields": {"app_label": "socialaccount", "model": "socialaccount"}}, {"model": "contenttypes.contenttype", "pk": 10, "fields": {"app_label": "socialaccount", "model": "socialapp"}}, {"model": "contenttypes.contenttype", "pk": 11, "fields": {"app_label": "socialaccount", "model": "socialtoken"}}, {"model": "contenttypes.contenttype", "pk": 12, "fields": {"app_label": "user", "model": "user"}}, {"model": "contenttypes.contenttype", "pk": 13, "fields": {"app_label": "proyecto", "model": "miembro"}}, {"model": "contenttypes.contenttype", "pk": 14, "fields": {"app_label": "proyecto", "model": "rol"}}, {"model": "contenttypes.contenttype", "pk": 15, "fields": {"app_label": "proyecto", "model": "proyecto"}}, {"model": "contenttypes.contenttype", "pk": 16, "fields": {"app_label": "desarrollo", "model": "estimacionplanificada"}}, {"model": "contenttypes.contenttype", "pk": 17, "fields": {"app_label": "desarrollo", "model": "registrouserstory"}}, {"model": "contenttypes.contenttype", "pk": 18, "fields": {"app_label": "desarrollo", "model": "sprint"}}, {"model": "contenttypes.contenttype", "pk": 19, "fields": {"app_label": "desarrollo", "model": "userstory"}}, {"model": "contenttypes.contenttype", "pk": 20, "fields": {"app_label": "guardian", "model": "groupobjectpermission"}}, {"model": "contenttypes.contenttype", "pk": 21, "fields": {"app_label": "guardian", "model": "userobjectpermission"}}, {"model": "sessions.session", "pk": "02azsfnmwkp4ldxn5exuuncsprbn6jzp", "fields": {"session_data": ".eJxVjEEOwiAQRe_C2hA6AxRduvcMZGCmUjU0Ke3KeHfbpAvd_vfef6tI61Li2mSOI6uLQnX63RLlp9Qd8IPqfdJ5qss8Jr0r-qBN3yaW1_Vw_w4KtbLVJjgAzNKTWEmcjBVxNjiBTODRs0cwwwaxYwNDyI7R9YLgmT2fO_X5AupxN_c:1mgCKR:aotOIcEkwEhaRqLHBcwPwsRdj6voBNyhsILiR0ZUl-w", "expire_date": "2021-11-11T20:48:51.973Z"}}, {"model": "sessions.session", "pk": "0ngrkuy7v06x1sgu5vodbyiiljp530cz", "fields": {"session_data": ".eJxVjEEOwiAUBe_C2pACnxZcuvcMzYNPpWogKe3KeHdt0oVu38y8lxixrXncWlrGmcVZkDj9bgHxkcoO-I5yqzLWsi5zkLsiD9rktXJ6Xg737yCj5W_dd4mCT-TUZD0MORCj48Ebq5UZJqehFUKcVBiic6k3utfKEcGAASveH9V4N5k:1mgBYA:JfZpqyd6JKT0ybKVqJ3hO-x6jUYvwpJb1pVOs-YKt6M", "expire_date": "2021-11-11T19:58:58.932Z"}}, {"model": "sessions.session", "pk": "45quwenrk1pprl0ay72yzb9fx2omybkl", "fields": {"session_data": ".eJxVjEEOwiAQRe_C2hCGQqe4dN8zkJkBpWpoUtqV8e7apAvd_vfef6lI21ri1vISp6TOyqrT78Ykj1x3kO5Ub7OWua7LxHpX9EGbHueUn5fD_Tso1Mq3Nhg8sPEkPrvOCjuDPIgAkPQsXUYMkiwgOHKEV8emh4HFWk8hkVHvD91FN90:1mgBpE:zRjiMZVpxFdeIXyiTKNwdLzfVIC9So0n0blOAdfI8uo", "expire_date": "2021-11-11T20:16:36.372Z"}}, {"model": "sessions.session", "pk": "5udqv7mg88r9oso4oniq4bnqwpvjjigx", "fields": {"session_data": ".eJxVjMsOwiAQRf-FtSGAw8ul-34DGQaQqoGktCvjv2uTLnR7zzn3xQJuaw3byEuYE7swYKffLSI9cttBumO7dU69rcsc-a7wgw4-9ZSf18P9O6g46rf2aKXOMalihMHoUWgw2WtZHCCSkI4ogaIidKEc4axAWouuFG2SMpq9P_PLODE:1mgDXG:Kiq8dsB3Z-GB5MuLe2esN6uDpiZjWXegrNtGuo2Gr-w", "expire_date": "2021-11-11T22:06:10.416Z"}}, {"model": "sessions.session", "pk": "6bb0c9u33s5psoby4wjflbshv56ln0x6", "fields": {"session_data": ".eJxVjEEOwiAUBe_C2pACnxZcuvcMzYNPpWogKe3KeHdt0oVu38y8lxixrXncWlrGmcVZkDj9bgHxkcoO-I5yqzLWsi5zkLsiD9rktXJ6Xg737yCj5W_dd4mCT-TUZD0MORCj48Ebq5UZJqehFUKcVBiic6k3utfKEcGAASveH9V4N5k:1mgBXM:bxy9avV593AEAqnLjLJoLq73rLIkHf8LakUVcV1x7GA", "expire_date": "2021-11-11T19:58:08.973Z"}}, {"model": "sessions.session", "pk": "6oomafb0zg336fow8kh9q6soj65bwqds", "fields": {"session_data": ".eJxVjEEOwiAUBe_C2pACnxZcuvcMzYNPpWogKe3KeHdt0oVu38y8lxixrXncWlrGmcVZkDj9bgHxkcoO-I5yqzLWsi5zkLsiD9rktXJ6Xg737yCj5W_dd4mCT-TUZD0MORCj48Ebq5UZJqehFUKcVBiic6k3utfKEcGAASveH9V4N5k:1mgB0S:AquB4OYm8-ndXOcVC7d9x65e9dohJeUddPy1iEOqi48", "expire_date": "2021-11-11T19:24:08.908Z"}}, {"model": "sessions.session", "pk": "7d0t8bcfefs3snjdfk5wxyhjvqequ9ps", "fields": {"session_data": ".eJxVjEEOwiAUBe_C2pACnxZcuvcMzYNPpWogKe3KeHdt0oVu38y8lxixrXncWlrGmcVZkDj9bgHxkcoO-I5yqzLWsi5zkLsiD9rktXJ6Xg737yCj5W_dd4mCT-TUZD0MORCj48Ebq5UZJqehFUKcVBiic6k3utfKEcGAASveH9V4N5k:1mgBWQ:AT8RHb7Ch1ym3rScoGukU6QzAcpGvBbchiIjTA0-XH8", "expire_date": "2021-11-11T19:57:10.960Z"}}, {"model": "sessions.session", "pk": "9h8266601hk6f9lq0rrq3tnhr659k0xu", "fields": {"session_data": ".eJxVjEEOwiAQRe_C2hBaGCgu3XsGwgyDVA0kpV0Z765NutDtf-_9lwhxW0vYOi9hTuIsQJx-N4z04LqDdI_11iS1ui4zyl2RB-3y2hI_L4f7d1BiL9_aA6JVoJzK2g3I1rphyimD9g7ZGY45ekWkIZMerZ2MBvKI7AkNjV68P99mOBo:1mgBYa:0h--1ZPJM-Qj0w0AynlaojLOBxQTlOev3-W6O7Bg5Cw", "expire_date": "2021-11-11T19:59:24.645Z"}}, {"model": "sessions.session", "pk": "a8pzrgyiv32lccin4llpirow02quq724", "fields": {"session_data": ".eJxVjEEOwiAUBe_C2pACnxZcuvcMzYNPpWogKe3KeHdt0oVu38y8lxixrXncWlrGmcVZkDj9bgHxkcoO-I5yqzLWsi5zkLsiD9rktXJ6Xg737yCj5W_dd4mCT-TUZD0MORCj48Ebq5UZJqehFUKcVBiic6k3utfKEcGAASveH9V4N5k:1mgBX0:4EaCCbbZ-dQGi65q-roXUvqDDThW2NEvgdkBCZ_7jK8", "expire_date": "2021-11-11T19:57:46.196Z"}}, {"model": "sessions.session", "pk": "allzhd7xgqpwfxm76rsfr7l7igqicw1j", "fields": {"session_data": ".eJxVjEEOwiAUBe_C2pACnxZcuvcMzYNPpWogKe3KeHdt0oVu38y8lxixrXncWlrGmcVZkDj9bgHxkcoO-I5yqzLWsi5zkLsiD9rktXJ6Xg737yCj5W_dd4mCT-TUZD0MORCj48Ebq5UZJqehFUKcVBiic6k3utfKEcGAASveH9V4N5k:1mgBWl:eg2HVdAjIyWwBVUDTvsRWPPB5wroMX5o3KlqH1LckGE", "expire_date": "2021-11-11T19:57:31.120Z"}}, {"model": "sessions.session", "pk": "bqwqjya8b1lecveks8qbfvh4qlrgk9sd", "fields": {"session_data": ".eJxVjEEOwiAQRe_C2hCGQqe4dN8zkJkBpWpoUtqV8e7apAvd_vfef6lI21ri1vISp6TOyqrT78Ykj1x3kO5Ub7OWua7LxHpX9EGbHueUn5fD_Tso1Mq3Nhg8sPEkPrvOCjuDPIgAkPQsXUYMkiwgOHKEV8emh4HFWk8hkVHvD91FN90:1mgC9B:695-CbBhUHqD2PxmBCWjz7Vyzvf1RjCjS7t6y---56I", "expire_date": "2021-11-11T20:37:13.854Z"}}, {"model": "sessions.session", "pk": "cc1fu2ikljsyn2ipn2xp4w78j5lmx3de", "fields": {"session_data": ".eJxVjEEOwiAUBe_C2pACnxZcuvcMzYNPpWogKe3KeHdt0oVu38y8lxixrXncWlrGmcVZkDj9bgHxkcoO-I5yqzLWsi5zkLsiD9rktXJ6Xg737yCj5W_dd4mCT-TUZD0MORCj48Ebq5UZJqehFUKcVBiic6k3utfKEcGAASveH9V4N5k:1mgBjG:NJHIrBi6uX3_1uO4oiWDuGshBlMDRB21rak_Hsx3quk", "expire_date": "2021-11-11T20:10:26.053Z"}}, {"model": "sessions.session", "pk": "debmztbrh203i32bpk7qmkt8c4yczgcr", "fields": {"session_data": ".eJxVjEEOwiAQRe_C2hBaGCgu3XsGwgyDVA0kpV0Z765NutDtf-_9lwhxW0vYOi9hTuIsQJx-N4z04LqDdI_11iS1ui4zyl2RB-3y2hI_L4f7d1BiL9_aA6JVoJzK2g3I1rphyimD9g7ZGY45ekWkIZMerZ2MBvKI7AkNjV68P99mOBo:1mgBl4:q7N-c5Lv0_AheuxWmyeSbiesxehq-vf9C4fL4OkWF84", "expire_date": "2021-11-11T20:12:18.875Z"}}, {"model": "sessions.session", "pk": "edjx7lgz4hpnkcr3wmu784vsbxfpd889", "fields": {"session_data": ".eJxVjEEOwiAUBe_C2pACnxZcuvcMzYNPpWogKe3KeHdt0oVu38y8lxixrXncWlrGmcVZkDj9bgHxkcoO-I5yqzLWsi5zkLsiD9rktXJ6Xg737yCj5W_dd4mCT-TUZD0MORCj48Ebq5UZJqehFUKcVBiic6k3utfKEcGAASveH9V4N5k:1mgBkk:dVR2nAjZJF9mzmZdvrbayiGUa_VcqjX-Idcn-3l8xos", "expire_date": "2021-11-11T20:11:58.171Z"}}, {"model": "sessions.session", "pk": "kklctl57s02nqc7q22d1sss6qgl6qu7j", "fields": {"session_data": ".eJxVjEEOwiAUBe_C2pACnxZcuvcMzYNPpWogKe3KeHdt0oVu38y8lxixrXncWlrGmcVZkDj9bgHxkcoO-I5yqzLWsi5zkLsiD9rktXJ6Xg737yCj5W_dd4mCT-TUZD0MORCj48Ebq5UZJqehFUKcVBiic6k3utfKEcGAASveH9V4N5k:1mgBk8:kCgpC0q_tApGUd_nzxKezlef8vPNFB8Quam5oBmt7Pw", "expire_date": "2021-11-11T20:11:20.974Z"}}, {"model": "sessions.session", "pk": "nml4ojoyqsn0cuyfl9u1sittbti6uzsv", "fields": {"session_data": ".eJxVjDsOwjAQRO_iGlkrf2NKes4QrXc3OIBsKZ8q4u4kUgroRvPezKZ6XJfSr7NM_cjqqqy6_HYZ6SX1APzE-miaWl2mMetD0Sed9b2xvG-n-3dQcC77OiCwEW85BSBDnkznMcUU9jjEKODQgXiOzg5sQuwk2MhCYAxkAlKfL96dN9I:1mgBFo:9vJLa6ORGiEez-LUN1DhP4pil6qVNesnUdyNcM8xUKo", "expire_date": "2021-11-11T19:40:00.123Z"}}, {"model": "sessions.session", "pk": "oavhgtkb2mk9n6vbajiw542t47nyghia", "fields": {"session_data": ".eJxVjDsOwjAQRO_iGlkrf2NKes4QrXc3OIBsKZ8q4u4kUgroRvPezKZ6XJfSr7NM_cjqqqy6_HYZ6SX1APzE-miaWl2mMetD0Sed9b2xvG-n-3dQcC77OiCwEW85BSBDnkznMcUU9jjEKODQgXiOzg5sQuwk2MhCYAxkAlKfL96dN9I:1mgBW4:ZiWmiLYR8lobj3JBRYLHj3RP4fEeSirr8bLqFfUoT0k", "expire_date": "2021-11-11T19:56:48.433Z"}}, {"model": "sessions.session", "pk": "ojb9wrnysco88ue8h0s8vv1iwzu8qi0u", "fields": {"session_data": ".eJxVjMsOwiAQRf-FtSGAw8ul-34DGQaQqoGktCvjv2uTLnR7zzn3xQJuaw3byEuYE7swYKffLSI9cttBumO7dU69rcsc-a7wgw4-9ZSf18P9O6g46rf2aKXOMalihMHoUWgw2WtZHCCSkI4ogaIidKEc4axAWouuFG2SMpq9P_PLODE:1mgBaJ:LRa4oDqxvDSQYVG3f1POxftR3J9J_N499fqreN2qunY", "expire_date": "2021-11-11T20:01:11.850Z"}}, {"model": "sessions.session", "pk": "ouve3syqdg3xnsitycsexfti821529lh", "fields": {"session_data": ".eJxVjEEOwiAQRe_C2hAGKKUu3XsGwsyAVA0kpV0Z765NutDtf-_9lwhxW0vYelrCzOIsnDj9bhjpkeoO-B7rrUlqdV1mlLsiD9rltXF6Xg7376DEXr510oxoMrEZIXtlEmaN5Mjp7MdJASBMSQ3g2VqPWpEHNEbB4IzVEFm8P_mlN4g:1mgCBy:yZ6WztVRDswEQ-h5ALuFWY3juOHNDrjleMdHVBLK000", "expire_date": "2021-11-11T20:40:06.741Z"}}, {"model": "sessions.session", "pk": "p1vsigt3dauwm5d54oih2ypwztwjcbp7", "fields": {"session_data": ".eJxVjEEOwiAQRe_C2hBaGCgu3XsGwgyDVA0kpV0Z765NutDtf-_9lwhxW0vYOi9hTuIsQJx-N4z04LqDdI_11iS1ui4zyl2RB-3y2hI_L4f7d1BiL9_aA6JVoJzK2g3I1rphyimD9g7ZGY45ekWkIZMerZ2MBvKI7AkNjV68P99mOBo:1mgBkR:yEFu_cmDxTwJyYmyczsBtLLnj7gRXeS7KKE1rEEat2A", "expire_date": "2021-11-11T20:11:39.984Z"}}, {"model": "sessions.session", "pk": "qh0ltek1tg7hy9h64sgp570bt9vn9fj4", "fields": {"session_data": ".eJxVjEEOwiAUBe_C2pACnxZcuvcMzYNPpWogKe3KeHdt0oVu38y8lxixrXncWlrGmcVZkDj9bgHxkcoO-I5yqzLWsi5zkLsiD9rktXJ6Xg737yCj5W_dd4mCT-TUZD0MORCj48Ebq5UZJqehFUKcVBiic6k3utfKEcGAASveH9V4N5k:1mgBjm:7zDg2Ui0IZLfsV8qsDefyw_tbY2hpsJEf-EKTehZQY0", "expire_date": "2021-11-11T20:10:58.560Z"}}, {"model": "sessions.session", "pk": "r7bw846s8vyi6ed1zxvpremssjl0rghd", "fields": {"session_data": ".eJxVjDsOwjAQRO_iGlkrf2NKes4QrXc3OIBsKZ8q4u4kUgroRvPezKZ6XJfSr7NM_cjqqqy6_HYZ6SX1APzE-miaWl2mMetD0Sed9b2xvG-n-3dQcC77OiCwEW85BSBDnkznMcUU9jjEKODQgXiOzg5sQuwk2MhCYAxkAlKfL96dN9I:1mgBQN:jP7Siof9nKGk3w-HXHfJ6hI9IUEQW267VVx_4yspDTQ", "expire_date": "2021-11-11T19:50:55.403Z"}}, {"model": "sessions.session", "pk": "rj9gpuweact7v2jlayrkoq2cc221i4qg", "fields": {"session_data": ".eJxVjEEOwiAQRe_C2hCgCoxL956hGWYYqRpISrsy3l2bdKHb_977LzXiupRx7XkeJ1ZnFdThd0tIj1w3wHest6ap1WWekt4UvdOur43z87K7fwcFe_nWgyMyAuIgskfyno-DGIjBxEgndoQWJaCQgZSJGAEZwFrrTLLis3p_AP5LOMg:1mgCRi:mUR93rQzfLfjRa7edu-zux5fdB7aQkSiYCkFVvEpQtI", "expire_date": "2021-11-11T20:56:22.357Z"}}, {"model": "sessions.session", "pk": "ru16f21yt23q7ytyvjis0q57tl52ky2r", "fields": {"session_data": ".eJxVjEEOwiAQRe_C2hBaGCgu3XsGwgyDVA0kpV0Z765NutDtf-_9lwhxW0vYOi9hTuIsQJx-N4z04LqDdI_11iS1ui4zyl2RB-3y2hI_L4f7d1BiL9_aA6JVoJzK2g3I1rphyimD9g7ZGY45ekWkIZMerZ2MBvKI7AkNjV68P99mOBo:1mgBXo:ADEC8kiRLBG_6B6GxXsz5UCX9eFyNRdMpnOgpVgUVmE", "expire_date": "2021-11-11T19:58:36.929Z"}}, {"model": "sessions.session", "pk": "t7iv0wqj1beeilogud1r9ap3zldbhyfp", "fields": {"session_data": ".eJxVjEEOwiAUBe_C2pACnxZcuvcMzYNPpWogKe3KeHdt0oVu38y8lxixrXncWlrGmcVZkDj9bgHxkcoO-I5yqzLWsi5zkLsiD9rktXJ6Xg737yCj5W_dd4mCT-TUZD0MORCj48Ebq5UZJqehFUKcVBiic6k3utfKEcGAASveH9V4N5k:1mgBjX:it2gMvolrt_ENIrmwcGAgwOhxyyBrt0xRDM6j5rg00w", "expire_date": "2021-11-11T20:10:43.938Z"}}, {"model": "sessions.session", "pk": "uqrhtqg02y1ppbosa1t2qx795ou8bpfw", "fields": {"session_data": ".eJxVjDsOwjAQRO_iGlkrf2NKes4QrXc3OIBsKZ8q4u4kUgroRvPezKZ6XJfSr7NM_cjqqqy6_HYZ6SX1APzE-miaWl2mMetD0Sed9b2xvG-n-3dQcC77OiCwEW85BSBDnkznMcUU9jjEKODQgXiOzg5sQuwk2MhCYAxkAlKfL96dN9I:1mgBiu:Q_DEdT8taj97l7FyjL1RcquBdMlVoz1aCxHmr_SCEKk", "expire_date": "2021-11-11T20:10:04.454Z"}}, {"model": "sessions.session", "pk": "vlusow6k0d1wryiu9oa29iyv2orrm6px", "fields": {"session_data": ".eJxVjEEOwiAQRe_C2hCGQqe4dN8zkJkBpWpoUtqV8e7apAvd_vfef6lI21ri1vISp6TOyqrT78Ykj1x3kO5Ub7OWua7LxHpX9EGbHueUn5fD_Tso1Mq3Nhg8sPEkPrvOCjuDPIgAkPQsXUYMkiwgOHKEV8emh4HFWk8hkVHvD91FN90:1mgCSK:SeOwWH0W0AGbDjRQfnF96tDB1TxfJKdZoMGDhNrV0hQ", "expire_date": "2021-11-11T20:57:00.245Z"}}, {"model": "sessions.session", "pk": "wu6p5wy6tf8qj9ttpahqdltchroo00zl", "fields": {"session_data": ".eJxVjDsOwjAQRO_iGlkrf2NKes4QrXc3OIBsKZ8q4u4kUgroRvPezKZ6XJfSr7NM_cjqqqy6_HYZ6SX1APzE-miaWl2mMetD0Sed9b2xvG-n-3dQcC77OiCwEW85BSBDnkznMcUU9jjEKODQgXiOzg5sQuwk2MhCYAxkAlKfL96dN9I:1mgAzJ:Xwaj-UdLcP6r9tAjmKR0GZJfrAwJAoqmHRKbYnMdUcM", "expire_date": "2021-11-11T19:22:57.315Z"}}, {"model": "sessions.session", "pk": "xdm77b60a0u5vxlkrselctliv6dkhunt", "fields": {"session_data": ".eJxVjMsOwiAQRf-FtSGAw8ul-34DGQaQqoGktCvjv2uTLnR7zzn3xQJuaw3byEuYE7swYKffLSI9cttBumO7dU69rcsc-a7wgw4-9ZSf18P9O6g46rf2aKXOMalihMHoUWgw2WtZHCCSkI4ogaIidKEc4axAWouuFG2SMpq9P_PLODE:1mgC0P:25U4I3O7BCFbucTTunLGT5rq9r5iAmUGEoVn1PjMoKw", "expire_date": "2021-11-11T20:28:09.364Z"}}, {"model": "sites.site", "pk": 1, "fields": {"domain": "example.com", "name": "example.com"}}, {"model": "sites.site", "pk": 2, "fields": {"domain": "127.0.0.1:8000", "name": "127.0.0.1:8000"}}, {"model": "account.emailaddress", "pk": 1, "fields": {"user": 3, "email": "pistoleronani1912@gmail.com", "verified": true, "primary": true}}, {"model": "account.emailaddress", "pk": 2, "fields": {"user": 4, "email": "chapiparrizo@gmail.com", "verified": true, "primary": true}}, {"model": "account.emailaddress", "pk": 3, "fields": {"user": 5, "email": "marioaptobenitez@gmail.com", "verified": true, "primary": true}}, {"model": "account.emailaddress", "pk": 4, "fields": {"user": 6, "email": "vivajuanrios@gmail.com", "verified": true, "primary": true}}, {"model": "account.emailaddress", "pk": 5, "fields": {"user": 7, "email": "jhntnfabro@gmail.com", "verified": true, "primary": true}}, {"model": "socialaccount.socialapp", "pk": 1, "fields": {"provider": "google", "name": "API", "client_id": "1031966865858-d98j99tg38vcdfh3ddch3rogvdohl1i8.apps.googleusercontent.com", "secret": "frBsUXC5eA9b7HSqh-lcZc7o", "key": "", "sites": [2, 1]}}, {"model": "socialaccount.socialaccount", "pk": 1, "fields": {"user": 3, "provider": "google", "uid": "104322017297185982421", "last_login": "2021-10-28T22:00:26.959Z", "date_joined": "2021-10-28T19:27:11.266Z", "extra_data": "{\"id\": \"104322017297185982421\", \"email\": \"pistoleronani1912@gmail.com\", \"verified_email\": true, \"name\": \"Pistolero nani\", \"given_name\": \"Pistolero\", \"family_name\": \"nani\", \"picture\": \"https://lh3.googleusercontent.com/a-/AOh14Ghsg7s4RMX4P_s1FEaA3C8NqXX7ENtuNO8RKnIR=s96-c\", \"locale\": \"es-419\"}"}}, {"model": "socialaccount.socialaccount", "pk": 2, "fields": {"user": 4, "provider": "google", "uid": "110430067010185491318", "last_login": "2021-10-28T22:06:10.287Z", "date_joined": "2021-10-28T19:27:41.709Z", "extra_data": "{\"id\": \"110430067010185491318\", \"email\": \"chapiparrizo@gmail.com\", \"verified_email\": true, \"name\": \"Pachi Carrizo\", \"given_name\": \"Pachi\", \"family_name\": \"Carrizo\", \"picture\": \"https://lh3.googleusercontent.com/a-/AOh14GhSUzn33nDwFaNCkTmltWrxQjmx5cq0zujpqIHx=s96-c\", \"locale\": \"es\"}"}}, {"model": "socialaccount.socialaccount", "pk": 3, "fields": {"user": 5, "provider": "google", "uid": "101920769652109461365", "last_login": "2021-10-28T21:41:33.650Z", "date_joined": "2021-10-28T19:28:18.304Z", "extra_data": "{\"id\": \"101920769652109461365\", \"email\": \"marioaptobenitez@gmail.com\", \"verified_email\": true, \"name\": \"Mario Apto\", \"given_name\": \"Mario\", \"family_name\": \"Apto\", \"picture\": \"https://lh3.googleusercontent.com/a-/AOh14Gh8l5YYUZFtr-ufWGxThpI8TJL_sXmJ6q6ZGeAb=s96-c\", \"locale\": \"es\"}"}}, {"model": "socialaccount.socialaccount", "pk": 4, "fields": {"user": 6, "provider": "google", "uid": "105309986046390101392", "last_login": "2021-10-28T20:50:12.269Z", "date_joined": "2021-10-28T19:28:38.574Z", "extra_data": "{\"id\": \"105309986046390101392\", \"email\": \"vivajuanrios@gmail.com\", \"verified_email\": true, \"name\": \"Juan Rios\", \"given_name\": \"Juan\", \"family_name\": \"Rios\", \"picture\": \"https://lh3.googleusercontent.com/a-/AOh14GirpoT4SF6mFQmIBcSis3t1Ia07CCndPFtVflI_=s96-c\", \"locale\": \"es\"}"}}, {"model": "socialaccount.socialaccount", "pk": 5, "fields": {"user": 7, "provider": "google", "uid": "115519553382403198521", "last_login": "2021-10-28T21:58:21.370Z", "date_joined": "2021-10-28T20:50:55.694Z", "extra_data": "{\"id\": \"115519553382403198521\", \"email\": \"jhntnfabro@gmail.com\", \"verified_email\": true, \"name\": \"jhonatan Fabbro\", \"given_name\": \"jhonatan\", \"family_name\": \"Fabbro\", \"picture\": \"https://lh3.googleusercontent.com/a-/AOh14Gj_NhWcC-Z8-v5e1zICvgrOn0gI_dJwVcff_qmO=s96-c\", \"locale\": \"es-419\"}"}}, {"model": "socialaccount.socialtoken", "pk": 1, "fields": {"app": 1, "account": 1, "token": "ya29.a0ARrdaM_o6WXH981DTM_25nhQyJMi_Xvt9nP-mGnr-sEXcVIIxCYIWIy8AItyt7q5vcOUHmj57o36T5y0kOUestsjW3C0apft-cOyzGF1ePOeSsIi1mdKQwKum_z7_Z14rJo-wllCYt91n8NvoapP-qGeDLJ7", "token_secret": "", "expires_at": "2021-10-28T23:00:25.704Z"}}, {"model": "socialaccount.socialtoken", "pk": 2, "fields": {"app": 1, "account": 2, "token": "ya29.a0ARrdaM8TyhH-nffRSh2Y4D1npVmfNL9qtgb15CBiXC1mFlNbW0ija5f2FFEKN6cysl7oP96SaQ7IuBNIPi7aynGyyZ-VvuY-ZGxJ7im-xqs0MulzLT38ZFpyfWNKcQ-C86phd6vgrX9EGBCQbKNxfA1EhMXG", "token_secret": "", "expires_at": "2021-10-28T23:06:08.983Z"}}, {"model": "socialaccount.socialtoken", "pk": 3, "fields": {"app": 1, "account": 3, "token": "ya29.a0ARrdaM9PhdjvEteckldDJiGXcTmzssRfBF4_V-i3302v5y6xxnJgd3mfi9SWk4fZYnIpdBYjcIhO77-wZBMLbCxzOKAzcuP0OwGmUsmJU3MZSvE4k19TgMioQoVsaEf6PsioSgKNRxI37vfpEpQg6AVYY_eM", "token_secret": "", "expires_at": "2021-10-28T22:41:32.385Z"}}, {"model": "socialaccount.socialtoken", "pk": 4, "fields": {"app": 1, "account": 4, "token": "ya29.a0ARrdaM8C6Uq9ANUgJ4V2mkF1nncT2O_qligy44Ih3eDLchaSj3zjHLaiZ6t8IaSGFsccj7A6yG7SGDrdwqAXwQ_fk-rMAH_u6ZQqwpUItdGbBhh6cx6ygaAnndyS0oysBjreSH0cNZd5Qeror7dBt6MpoyUV", "token_secret": "", "expires_at": "2021-10-28T21:50:11.111Z"}}, {"model": "socialaccount.socialtoken", "pk": 5, "fields": {"app": 1, "account": 5, "token": "ya29.a0ARrdaM9iWZ2SzjCIbthcEzZlgfho8jmNbx2rEAPpsT6DUCcLM8U-L2f6uxeGKCYKg9Z8P7U6t5lXRm2Cueo7Ugmp-XDrTJd_Q6Uo-sVjqWMOxz8twp8k6xoJdlabl27au7eMRShc_dlpMHNyjjJBUtJfSlrX", "token_secret": "", "expires_at": "2021-10-28T22:58:20.132Z"}}, {"model": "user.user", "pk": 1, "fields": {"password": "!xCCsp8ggc2mQPVG1woDtUiu9JyLJwrYriKc1BkBf", "last_login": null, "is_superuser": false, "username": "AnonymousUser", "first_name": "", "last_name": "", "email": "", "is_staff": false, "is_active": true, "date_joined": "2021-10-28T19:26:11.131Z", "rolSistema": "", "estaActivado": false, "groups": [], "user_permissions": []}}, {"model": "user.user", "pk": 2, "fields": {"password": "pbkdf2_sha256$260000$RdwQ4Me72OJlkgBLLv5Khn$CghuhKPzsox3VY/SZZfbAPluJvHSy1MPm/VPBLBvrYM=", "last_login": "2021-10-28T22:05:21.066Z", "is_superuser": true, "username": "admin", "first_name": "", "last_name": "", "email": "admin@gmail.com", "is_staff": true, "is_active": true, "date_joined": "2021-10-28T19:26:11.700Z", "rolSistema": "Administrador", "estaActivado": true, "groups": [1], "user_permissions": []}}, {"model": "user.user", "pk": 3, "fields": {"password": "!uOsMOx7fgakihPM79QlCXUkG1aEcwHJ6axjJoDAy", "last_login": "2021-10-28T22:00:26.999Z", "is_superuser": false, "username": "pistolero", "first_name": "Pistolero", "last_name": "nani", "email": "pistoleronani1912@gmail.com", "is_staff": false, "is_active": true, "date_joined": "2021-10-28T19:27:11.234Z", "rolSistema": "Usuario", "estaActivado": true, "groups": [2, 5], "user_permissions": []}}, {"model": "user.user", "pk": 4, "fields": {"password": "!XANIFzIgJ8XIlOrNiy8Mzv5zsE6hLWQB3k5zJgCD", "last_login": "2021-10-28T22:06:10.402Z", "is_superuser": false, "username": "pachi", "first_name": "Pachi", "last_name": "Carrizo", "email": "chapiparrizo@gmail.com", "is_staff": false, "is_active": true, "date_joined": "2021-10-28T19:27:41.614Z", "rolSistema": "Usuario", "estaActivado": true, "groups": [4, 7], "user_permissions": []}}, {"model": "user.user", "pk": 5, "fields": {"password": "!tDsajZDsXLK0OqFBrWHnJWp32ceTXiFlWFcO2Ukw", "last_login": "2021-10-28T21:41:33.696Z", "is_superuser": false, "username": "mario", "first_name": "Mario", "last_name": "Apto", "email": "marioaptobenitez@gmail.com", "is_staff": false, "is_active": true, "date_joined": "2021-10-28T19:28:18.274Z", "rolSistema": "Administrador", "estaActivado": true, "groups": [1], "user_permissions": []}}, {"model": "user.user", "pk": 6, "fields": {"password": "!aXdtWsZESLC1CUFQqqrL3kz17Z3Lhj3KSt6RmIWG", "last_login": "2021-10-28T20:50:12.281Z", "is_superuser": false, "username": "juan", "first_name": "Juan", "last_name": "Rios", "email": "vivajuanrios@gmail.com", "is_staff": false, "is_active": true, "date_joined": "2021-10-28T19:28:38.542Z", "rolSistema": "Usuario", "estaActivado": true, "groups": [2, 6], "user_permissions": []}}, {"model": "user.user", "pk": 7, "fields": {"password": "!hCmzS3rutMVGf1etfdNHsxr1LJ8Pf4Pqg0Xk6CSY", "last_login": "2021-10-28T21:58:21.408Z", "is_superuser": false, "username": "jhonatan", "first_name": "jhonatan", "last_name": "Fabbro", "email": "jhntnfabro@gmail.com", "is_staff": false, "is_active": true, "date_joined": "2021-10-28T20:50:55.671Z", "rolSistema": "Usuario", "estaActivado": true, "groups": [3, 5], "user_permissions": []}}, {"model": "proyecto.rol", "pk": 1, "fields": {"nombre": "Developer", "group": 2}}, {"model": "proyecto.rol", "pk": 2, "fields": {"nombre": "Product Owner", "group": 3}}, {"model": "proyecto.rol", "pk": 3, "fields": {"nombre": "Scrum Master", "group": 4}}, {"model": "proyecto.rol", "pk": 4, "fields": {"nombre": "Developer", "group": 5}}, {"model": "proyecto.rol", "pk": 5, "fields": {"nombre": "Product Owner", "group": 6}}, {"model": "proyecto.rol", "pk": 6, "fields": {"nombre": "Scrum Master", "group": 7}}, {"model": "proyecto.proyecto", "pk": 1, "fields": {"nombre_proyecto": "Facebook Meta", "scrum_master": 4, "estado": "ACTIVO", "fecha_inicio": "2021-10-01", "descripcion": "Red social que fue creada para poder mantener en contacto a personas, y que stos pudieran compartir informacin, noticias y contenidos audiovisuales con sus propios amigos y familiares.", "duracion_dias_sprint": 10, "duracion_dias_sprint_actual": 0.0, "roles": [1, 2, 3]}}, {"model": "proyecto.proyecto", "pk": 2, "fields": {"nombre_proyecto": "Calidad de vino", "scrum_master": 4, "estado": "ACTIVO", "fecha_inicio": "2021-10-20", "descripcion": "Analisis de los atributos de un vino para poder predecir su calidad posible", "duracion_dias_sprint": 10, "duracion_dias_sprint_actual": 7.33333333333333, "roles": [4, 5, 6]}}, {"model": "proyecto.miembro", "pk": 1, "fields": {"miembro": 4, "proyectos": 1, "rol": 3, "produccion_diaria": 0}}, {"model": "proyecto.miembro", "pk": 2, "fields": {"miembro": 6, "proyectos": 1, "rol": 1, "produccion_diaria": 4}}, {"model": "proyecto.miembro", "pk": 3, "fields": {"miembro": 3, "proyectos": 1, "rol": 1, "produccion_diaria": 3}}, {"model": "proyecto.miembro", "pk": 4, "fields": {"miembro": 7, "proyectos": 1, "rol": 2, "produccion_diaria": 0}}, {"model": "proyecto.miembro", "pk": 5, "fields": {"miembro": 4, "proyectos": 2, "rol": 6, "produccion_diaria": 0}}, {"model": "proyecto.miembro", "pk": 6, "fields": {"miembro": 3, "proyectos": 2, "rol": 4, "produccion_diaria": 8}}, {"model": "proyecto.miembro", "pk": 7, "fields": {"miembro": 7, "proyectos": 2, "rol": 4, "produccion_diaria": 7}}, {"model": "proyecto.miembro", "pk": 8, "fields": {"miembro": 6, "proyectos": 2, "rol": 5, "produccion_diaria": 0}}, {"model": "desarrollo.userstory", "pk": 1, "fields": {"proyecto": 1, "miembro_asignado": 3, "nombre": "Iniciar sesion con Google", "descripcion": "Permitir el inicio de sesion utilizando las credenciales de google para acceder al sistema.", "estado_sprint": "RELEASE", "estimacion": 15.0, "prioridad": 3, "estado_desarrollo": "EN PRODUCT BACKLOG"}}, {"model": "desarrollo.userstory", "pk": 2, "fields": {"proyecto": 1, "miembro_asignado": 3, "nombre": "Editar perfil personal", "descripcion": "Permitir al usuario poder editar los datos que aparecen en su perfil personal", "estado_sprint": "RELEASE", "estimacion": 15.0, "prioridad": 1, "estado_desarrollo": "EN PRODUCT BACKLOG"}}, {"model": "desarrollo.userstory", "pk": 3, "fields": {"proyecto": 1, "miembro_asignado": 6, "nombre": "Sistema de likes", "descripcion": "Permitir a los usuarios dar un me gusta a las publicaciones que le aparecen.", "estado_sprint": "RELEASE", "estimacion": 20.0, "prioridad": 2, "estado_desarrollo": "EN PRODUCT BACKLOG"}}, {"model": "desarrollo.userstory", "pk": 4, "fields": {"proyecto": 1, "miembro_asignado": 6, "nombre": "Eliminar publicacion", "descripcion": "Permitir al usuario la posibilidad de borrar publicaciones hechas.", "estado_sprint": "RELEASE", "estimacion": 25.0, "prioridad": 2, "estado_desarrollo": "EN PRODUCT BACKLOG"}}, {"model": "desarrollo.userstory", "pk": 5, "fields": {"proyecto": 1, "miembro_asignado": 6, "nombre": "Bloquear usuarios", "descripcion": "Permitir a los usuarios la posibilidad de bloquear a otros usuarios, haciendo que estos sean invisibles entre ellos.", "estado_sprint": "RELEASE", "estimacion": 19.0, "prioridad": 1, "estado_desarrollo": "EN PRODUCT BACKLOG"}}, {"model": "desarrollo.userstory", "pk": 6, "fields": {"proyecto": 1, "miembro_asignado": 3, "nombre": "Desbloquear a usuarios", "descripcion": "Permite al usuario la posibilidad de desbloear a otros usuarios previamente bloqueados", "estado_sprint": "RELEASE", "estimacion": 20.0, "prioridad": 1, "estado_desarrollo": "EN PRODUCT BACKLOG"}}, {"model": "desarrollo.userstory", "pk": 7, "fields": {"proyecto": 1, "miembro_asignado": 6, "nombre": "Comentar en publicacion", "descripcion": "Permite al usuario la posibilidad de escribir y enviar un comentario dentro de una publicacion", "estado_sprint": "RELEASE", "estimacion": 15.5, "prioridad": 3, "estado_desarrollo": "EN PRODUCT BACKLOG"}}, {"model": "desarrollo.userstory", "pk": 8, "fields": {"proyecto": 1, "miembro_asignado": 3, "nombre": "Recoleccion de datos de usuarios", "descripcion": "Genera un reporte estadistico del patron de gustos de los usuarios del sistema para fines de redireccion de publicidad.", "estado_sprint": "RELEASE", "estimacion": 10.0, "prioridad": 3, "estado_desarrollo": "EN PRODUCT BACKLOG"}}, {"model": "desarrollo.userstory", "pk": 9, "fields": {"proyecto": 1, "miembro_asignado": 6, "nombre": "Comentar en publicacion", "descripcion": "Permite al usuario la posibilidad de escribir y enviar un comentario dentro de una publicacion", "estado_sprint": "RELEASE", "estimacion": 15.5, "prioridad": 3, "estado_desarrollo": "EN REGISTRO SPRINT"}}, {"model": "desarrollo.userstory", "pk": 10, "fields": {"proyecto": 1, "miembro_asignado": 6, "nombre": "Eliminar publicacion", "descripcion": "Permitir al usuario la posibilidad de borrar publicaciones hechas.", "estado_sprint": "RELEASE", "estimacion": 25.0, "prioridad": 2, "estado_desarrollo": "EN REGISTRO SPRINT"}}, {"model": "desarrollo.userstory", "pk": 11, "fields": {"proyecto": 1, "miembro_asignado": 3, "nombre": "Desbloquear a usuarios", "descripcion": "Permite al usuario la posibilidad de desbloear a otros usuarios previamente bloqueados", "estado_sprint": "RELEASE", "estimacion": 20.0, "prioridad": 1, "estado_desarrollo": "EN REGISTRO SPRINT"}}, {"model": "desarrollo.userstory", "pk": 12, "fields": {"proyecto": 1, "miembro_asignado": 3, "nombre": "Iniciar sesion con Google", "descripcion": "Permitir el inicio de sesion utilizando las credenciales de google para acceder al sistema.", "estado_sprint": "RELEASE", "estimacion": 15.0, "prioridad": 3, "estado_desarrollo": "EN REGISTRO SPRINT"}}, {"model": "desarrollo.userstory", "pk": 13, "fields": {"proyecto": 1, "miembro_asignado": 3, "nombre": "Recoleccion de datos de usuarios", "descripcion": "Genera un reporte estadistico del patron de gustos de los usuarios del sistema para fines de redireccion de publicidad.", "estado_sprint": "RELEASE", "estimacion": 10.0, "prioridad": 3, "estado_desarrollo": "EN REGISTRO SPRINT"}}, {"model": "desarrollo.userstory", "pk": 14, "fields": {"proyecto": 1, "miembro_asignado": 6, "nombre": "Sistema de likes", "descripcion": "Permitir a los usuarios dar un me gusta a las publicaciones que le aparecen.", "estado_sprint": "RELEASE", "estimacion": 20.0, "prioridad": 2, "estado_desarrollo": "EN REGISTRO SPRINT"}}, {"model": "desarrollo.userstory", "pk": 15, "fields": {"proyecto": 1, "miembro_asignado": 6, "nombre": "Bloquear usuarios", "descripcion": "Permitir a los usuarios la posibilidad de bloquear a otros usuarios, haciendo que estos sean invisibles entre ellos.", "estado_sprint": "RELEASE", "estimacion": 19.0, "prioridad": 1, "estado_desarrollo": "EN REGISTRO SPRINT"}}, {"model": "desarrollo.userstory", "pk": 16, "fields": {"proyecto": 1, "miembro_asignado": 3, "nombre": "Editar perfil personal", "descripcion": "Permitir al usuario poder editar los datos que aparecen en su perfil personal", "estado_sprint": "RELEASE", "estimacion": 15.0, "prioridad": 1, "estado_desarrollo": "EN REGISTRO SPRINT"}}, {"model": "desarrollo.userstory", "pk": 17, "fields": {"proyecto": 2, "miembro_asignado": null, "nombre": "Analisis de acidez citrica", "descripcion": "Medidor de acidez citrica para analisis de sustancias", "estado_sprint": "TO DO", "estimacion": 0.0, "prioridad": 1, "estado_desarrollo": "EN SPRINT PLANNING"}}, {"model": "desarrollo.userstory", "pk": 18, "fields": {"proyecto": 2, "miembro_asignado": 3, "nombre": "Analisis de azucar residual", "descripcion": "Medidor de azucar residual para comparaciones de sustancias", "estado_sprint": "DOING", "estimacion": 60.0, "prioridad": 2, "estado_desarrollo": "EN SPRINT BACKLOG"}}, {"model": "desarrollo.userstory", "pk": 19, "fields": {"proyecto": 2, "miembro_asignado": 7, "nombre": "Estudio de nivel de alcohol", "descripcion": "Manejo de niveles de alcohol para el consumo", "estado_sprint": "DOING", "estimacion": 50.0, "prioridad": 3, "estado_desarrollo": "EN SPRINT BACKLOG"}}, {"model": "desarrollo.userstory", "pk": 20, "fields": {"proyecto": 2, "miembro_asignado": null, "nombre": "niveles de dioxido de sulfuro", "descripcion": "manejo de cantidades en esta sustancia", "estado_sprint": "TO DO", "estimacion": 0.0, "prioridad": 2, "estado_desarrollo": "EN PRODUCT BACKLOG"}}, {"model": "desarrollo.estimacionplanificada", "pk": 1, "fields": {"user_story": 1, "estimacion_scrum": 15, "estimacion_miembro": 15}}, {"model": "desarrollo.estimacionplanificada", "pk": 2, "fields": {"user_story": 2, "estimacion_scrum": 20, "estimacion_miembro": 10}}, {"model": "desarrollo.estimacionplanificada", "pk": 3, "fields": {"user_story": 3, "estimacion_scrum": 20, "estimacion_miembro": 20}}, {"model": "desarrollo.estimacionplanificada", "pk": 4, "fields": {"user_story": 4, "estimacion_scrum": 24, "estimacion_miembro": 26}}, {"model": "desarrollo.estimacionplanificada", "pk": 5, "fields": {"user_story": 5, "estimacion_scrum": 20, "estimacion_miembro": 18}}, {"model": "desarrollo.estimacionplanificada", "pk": 6, "fields": {"user_story": 6, "estimacion_scrum": 21, "estimacion_miembro": 19}}, {"model": "desarrollo.estimacionplanificada", "pk": 7, "fields": {"user_story": 7, "estimacion_scrum": 15, "estimacion_miembro": 16}}, {"model": "desarrollo.estimacionplanificada", "pk": 8, "fields": {"user_story": 8, "estimacion_scrum": 10, "estimacion_miembro": 10}}, {"model": "desarrollo.estimacionplanificada", "pk": 9, "fields": {"user_story": 17, "estimacion_scrum": 0, "estimacion_miembro": 0}}, {"model": "desarrollo.estimacionplanificada", "pk": 10, "fields": {"user_story": 18, "estimacion_scrum": 50, "estimacion_miembro": 70}}, {"model": "desarrollo.estimacionplanificada", "pk": 11, "fields": {"user_story": 19, "estimacion_scrum": 40, "estimacion_miembro": 60}}, {"model": "desarrollo.estimacionplanificada", "pk": 12, "fields": {"user_story": 20, "estimacion_scrum": 0, "estimacion_miembro": 0}}, {"model": "desarrollo.sprint", "pk": 1, "fields": {"nombre": "Facebook Meta Sprint 2021-10-5", "proyecto": 1, "estado": "Finalizado", "fecha_inicio": "2021-10-05", "fecha_fin": "2021-10-13", "duracion_estimada_sprint": 8.64285714285714, "estimacion_total_us": 60.5, "user_stories": [7, 4, 6], "copia_user_stories": [9, 10, 11]}}, {"model": "desarrollo.sprint", "pk": 2, "fields": {"nombre": "Facebook Meta Sprint 2021-10-15", "proyecto": 1, "estado": "Finalizado", "fecha_inicio": "2021-10-15", "fecha_fin": "2021-10-20", "duracion_estimada_sprint": 6.42857142857143, "estimacion_total_us": 45.0, "user_stories": [1, 8, 3], "copia_user_stories": [12, 13, 14]}}, {"model": "desarrollo.sprint", "pk": 3, "fields": {"nombre": "Facebook Meta Sprint 2021-10-21", "proyecto": 1, "estado": "Finalizado", "fecha_inicio": "2021-10-21", "fecha_fin": "2021-10-25", "duracion_estimada_sprint": 4.85714285714286, "estimacion_total_us": 34.0, "user_stories": [2, 5], "copia_user_stories": [15, 16]}}, {"model": "desarrollo.sprint", "pk": 4, "fields": {"nombre": "Calidad de vino Sprint 2021-10-26", "proyecto": 2, "estado": "Activo", "fecha_inicio": "2021-10-26", "fecha_fin": null, "duracion_estimada_sprint": 7.33333333333333, "estimacion_total_us": 110.0, "user_stories": [19, 18], "copia_user_stories": []}}, {"model": "desarrollo.registrouserstory", "pk": 1, "fields": {"user_story": 7, "sprint": 1, "nombre_user_story": "Comentar en publicacion", "usuario": "vivajuanrios@gmail.com", "detalles": "Se realizaron los primeros pasos para la estructura general solicitada", "fecha": "2021-10-13", "horas_trabajadas": 3, "horas_totales": 3, "contador_registro": 1}}, {"model": "desarrollo.registrouserstory", "pk": 2, "fields": {"user_story": 4, "sprint": 1, "nombre_user_story": "Eliminar publicacion", "usuario": "vivajuanrios@gmail.com", "detalles": "Se completo la estructura basica de lo solicitado", "fecha": "2021-10-13", "horas_trabajadas": 2, "horas_totales": 2, "contador_registro": 1}}, {"model": "desarrollo.registrouserstory", "pk": 3, "fields": {"user_story": 4, "sprint": 1, "nombre_user_story": "Eliminar publicacion", "usuario": "vivajuanrios@gmail.com", "detalles": "Se completo otro patron de variables necesarias", "fecha": "2021-10-13", "horas_trabajadas": 6, "horas_totales": 8, "contador_registro": 2}}, {"model": "desarrollo.registrouserstory", "pk": 4, "fields": {"user_story": 4, "sprint": 1, "nombre_user_story": "Eliminar publicacion", "usuario": "vivajuanrios@gmail.com", "detalles": "Se completo otro patron de variables necesarias", "fecha": "2021-10-10", "horas_trabajadas": 6, "horas_totales": 8, "contador_registro": 2}}, {"model": "desarrollo.registrouserstory", "pk": 5, "fields": {"user_story": 4, "sprint": 1, "nombre_user_story": "Eliminar publicacion", "usuario": "vivajuanrios@gmail.com", "detalles": "Lorem ipsum dolor sit amet, consectetur adipiscing elit. Curabitur vel ligula condimentum, ultricies est ut, facilisis lectus. Suspendisse dignissim ipsum at felis viverra, pharetra lobortis sem tempor. Nulla nec elementum mauris", "fecha": "2021-10-09", "horas_trabajadas": 6, "horas_totales": 20, "contador_registro": 3}}, {"model": "desarrollo.registrouserstory", "pk": 6, "fields": {"user_story": 4, "sprint": 1, "nombre_user_story": "Eliminar publicacion", "usuario": "vivajuanrios@gmail.com", "detalles": "Lorem ipsum dolor sit amet, consectetur adipiscing elit. Curabitur vel ligula condimentum, ultricies est ut, facilisis lectus. Suspendisse dignissim ipsum at felis viverra, pharetra lobortis sem tempor. Nulla nec elementum mauris", "fecha": "2021-10-08", "horas_trabajadas": 5, "horas_totales": 25, "contador_registro": 4}}, {"model": "desarrollo.registrouserstory", "pk": 7, "fields": {"user_story": 7, "sprint": 1, "nombre_user_story": "Comentar en publicacion", "usuario": "vivajuanrios@gmail.com", "detalles": "Lorem ipsum dolor sit amet, consectetur adipiscing elit. Curabitur vel ligula condimentum, ultricies est ut, facilisis lectus. Suspendisse dignissim ipsum at felis viverra, pharetra lobortis sem tempor. Nulla nec elementum mauris", "fecha": "2021-10-07", "horas_trabajadas": 1, "horas_totales": 4, "contador_registro": 2}}, {"model": "desarrollo.registrouserstory", "pk": 8, "fields": {"user_story": 4, "sprint": 1, "nombre_user_story": "Eliminar publicacion", "usuario": "vivajuanrios@gmail.com", "detalles": "Lorem ipsum dolor sit amet, consectetur adipiscing elit. Curabitur vel ligula condimentum, ultricies est ut, facilisis lectus. Suspendisse dignissim ipsum at felis viverra, pharetra lobortis sem tempor. Nulla nec elementum mauris", "fecha": "2021-10-06", "horas_trabajadas": 7, "horas_totales": 32, "contador_registro": 5}}, {"model": "desarrollo.registrouserstory", "pk": 9, "fields": {"user_story": 6, "sprint": 1, "nombre_user_story": "Desbloquear a usuarios", "usuario": "pistoleronani1912@gmail.com", "detalles": "Lorem ipsum dolor sit amet, consectetur adipiscing elit. Curabitur vel ligula condimentum, ultricies est ut, facilisis lectus. Suspendisse dignissim ipsum at felis viverra, pharetra lobortis sem tempor. Nulla nec elementum mauris", "fecha": "2021-10-13", "horas_trabajadas": 4, "horas_totales": 4, "contador_registro": 1}}, {"model": "desarrollo.registrouserstory", "pk": 10, "fields": {"user_story": 6, "sprint": 1, "nombre_user_story": "Desbloquear a usuarios", "usuario": "pistoleronani1912@gmail.com", "detalles": "Lorem ipsum dolor sit amet, consectetur adipiscing elit. Curabitur vel ligula condimentum, ultricies est ut, facilisis lectus. Suspendisse dignissim ipsum at felis viverra, pharetra lobortis sem tempor. Nulla nec elementum mauris", "fecha": "2021-10-12", "horas_trabajadas": 5, "horas_totales": 9, "contador_registro": 2}}, {"model": "desarrollo.registrouserstory", "pk": 11, "fields": {"user_story": 6, "sprint": 1, "nombre_user_story": "Desbloquear a usuarios", "usuario": "pistoleronani1912@gmail.com", "detalles": "Lorem ipsum dolor sit amet, consectetur adipiscing elit. Curabitur vel ligula condimentum, ultricies est ut, facilisis lectus. Suspendisse dignissim ipsum at felis viverra, pharetra lobortis sem tempor. Nulla nec elementum mauris", "fecha": "2021-10-11", "horas_trabajadas": 5, "horas_totales": 14, "contador_registro": 3}}, {"model": "desarrollo.registrouserstory", "pk": 12, "fields": {"user_story": 6, "sprint": 1, "nombre_user_story": "Desbloquear a usuarios", "usuario": "pistoleronani1912@gmail.com", "detalles": "Lorem ipsum dolor sit amet, consectetur adipiscing elit. Curabitur vel ligula condimentum, ultricies est ut, facilisis lectus. Suspendisse dignissim ipsum at felis viverra, pharetra lobortis sem tempor. Nulla nec elementum mauris", "fecha": "2021-10-10", "horas_trabajadas": 2, "horas_totales": 16, "contador_registro": 4}}, {"model": "desarrollo.registrouserstory", "pk": 13, "fields": {"user_story": 6, "sprint": 1, "nombre_user_story": "Desbloquear a usuarios", "usuario": "pistoleronani1912@gmail.com", "detalles": "Lorem ipsum dolor sit amet, consectetur adipiscing elit. Curabitur vel ligula condimentum, ultricies est ut, facilisis lectus.", "fecha": "2021-10-09", "horas_trabajadas": 6, "horas_totales": 22, "contador_registro": 5}}, {"model": "desarrollo.registrouserstory", "pk": 14, "fields": {"user_story": 6, "sprint": 1, "nombre_user_story": "Desbloquear a usuarios", "usuario": "pistoleronani1912@gmail.com", "detalles": "Lorem ipsum dolor sit amet, consectetur adipiscing elit. Curabitur vel ligula condimentum, ultricies est ut, facilisis lectus.", "fecha": "2021-10-08", "horas_trabajadas": 3, "horas_totales": 25, "contador_registro": 6}}, {"model": "desarrollo.registrouserstory", "pk": 15, "fields": {"user_story": 6, "sprint": 1, "nombre_user_story": "Desbloquear a usuarios", "usuario": "chapiparrizo@gmail.com", "detalles": "Se acepta el user story", "fecha": "2021-10-08", "horas_trabajadas": 0, "horas_totales": 25, "contador_registro": 7}}, {"model": "desarrollo.registrouserstory", "pk": 16, "fields": {"user_story": 7, "sprint": 1, "nombre_user_story": "Comentar en publicacion", "usuario": "chapiparrizo@gmail.com", "detalles": "Se acepta el user story", "fecha": "2021-10-06", "horas_trabajadas": 0, "horas_totales": 4, "contador_registro": 3}}, {"model": "desarrollo.registrouserstory", "pk": 17, "fields": {"user_story": 4, "sprint": 1, "nombre_user_story": "Eliminar publicacion", "usuario": "chapiparrizo@gmail.com", "detalles": "Se acepta el user story", "fecha": "2021-10-06", "horas_trabajadas": 0, "horas_totales": 32, "contador_registro": 6}}, {"model": "desarrollo.registrouserstory", "pk": 18, "fields": {"user_story": 3, "sprint": 2, "nombre_user_story": "Sistema de likes", "usuario": "vivajuanrios@gmail.com", "detalles": "Se trabajaron 12 horas", "fecha": "2021-10-19", "horas_trabajadas": 12, "horas_totales": 12, "contador_registro": 1}}, {"model": "desarrollo.registrouserstory", "pk": 19, "fields": {"user_story": 3, "sprint": 2, "nombre_user_story": "Sistema de likes", "usuario": "vivajuanrios@gmail.com", "detalles": "Se trabajaron 5 horas", "fecha": "2021-10-20", "horas_trabajadas": 5, "horas_totales": 17, "contador_registro": 2}}, {"model": "desarrollo.registrouserstory", "pk": 20, "fields": {"user_story": 3, "sprint": 2, "nombre_user_story": "Sistema de likes", "usuario": "vivajuanrios@gmail.com", "detalles": "Se culmina el trabajo sobre el us", "fecha": "2021-10-20", "horas_trabajadas": 3, "horas_totales": 20, "contador_registro": 3}}, {"model": "desarrollo.registrouserstory", "pk": 21, "fields": {"user_story": 8, "sprint": 2, "nombre_user_story": "Recoleccion de datos de usuarios", "usuario": "pistoleronani1912@gmail.com", "detalles": "Primeras 6 horas", "fecha": "2021-10-15", "horas_trabajadas": 6, "horas_totales": 6, "contador_registro": 1}}, {"model": "desarrollo.registrouserstory", "pk": 22, "fields": {"user_story": 8, "sprint": 2, "nombre_user_story": "Recoleccion de datos de usuarios", "usuario": "pistoleronani1912@gmail.com", "detalles": "Se termina el us trabajando las 4 horas restantes", "fecha": "2021-10-19", "horas_trabajadas": 4, "horas_totales": 10, "contador_registro": 2}}, {"model": "desarrollo.registrouserstory", "pk": 23, "fields": {"user_story": 1, "sprint": 2, "nombre_user_story": "Iniciar sesion con Google", "usuario": "pistoleronani1912@gmail.com", "detalles": "avance inicial sobre el us", "fecha": "2021-10-16", "horas_trabajadas": 8, "horas_totales": 8, "contador_registro": 1}}, {"model": "desarrollo.registrouserstory", "pk": 24, "fields": {"user_story": 1, "sprint": 2, "nombre_user_story": "Iniciar sesion con Google", "usuario": "pistoleronani1912@gmail.com", "detalles": "Se culmina el us de iniciar sesion con google", "fecha": "2021-10-18", "horas_trabajadas": 7, "horas_totales": 15, "contador_registro": 2}}, {"model": "desarrollo.registrouserstory", "pk": 25, "fields": {"user_story": 3, "sprint": 2, "nombre_user_story": "Sistema de likes", "usuario": "chapiparrizo@gmail.com", "detalles": "Se acepta el us", "fecha": "2021-10-20", "horas_trabajadas": 0, "horas_totales": 20, "contador_registro": 4}}, {"model": "desarrollo.registrouserstory", "pk": 26, "fields": {"user_story": 1, "sprint": 2, "nombre_user_story": "Iniciar sesion con Google", "usuario": "chapiparrizo@gmail.com", "detalles": "Aprobado", "fecha": "2021-10-20", "horas_trabajadas": 0, "horas_totales": 15, "contador_registro": 3}}, {"model": "desarrollo.registrouserstory", "pk": 27, "fields": {"user_story": 8, "sprint": 2, "nombre_user_story": "Recoleccion de datos de usuarios", "usuario": "chapiparrizo@gmail.com", "detalles": "Seguimos!", "fecha": "2021-10-20", "horas_trabajadas": 0, "horas_totales": 10, "contador_registro": 3}}, {"model": "desarrollo.registrouserstory", "pk": 28, "fields": {"user_story": 5, "sprint": 3, "nombre_user_story": "Bloquear usuarios", "usuario": "vivajuanrios@gmail.com", "detalles": "Primeros avances", "fecha": "2021-10-21", "horas_trabajadas": 6, "horas_totales": 6, "contador_registro": 1}}, {"model": "desarrollo.registrouserstory", "pk": 29, "fields": {"user_story": 5, "sprint": 3, "nombre_user_story": "Bloquear usuarios", "usuario": "vivajuanrios@gmail.com", "detalles": "Segundos avances", "fecha": "2021-10-23", "horas_trabajadas": 6, "horas_totales": 12, "contador_registro": 2}}, {"model": "desarrollo.registrouserstory", "pk": 30, "fields": {"user_story": 5, "sprint": 3, "nombre_user_story": "Bloquear usuarios", "usuario": "vivajuanrios@gmail.com", "detalles": "Terceros avances", "fecha": "2021-10-24", "horas_trabajadas": 7, "horas_totales": 19, "contador_registro": 3}}, {"model": "desarrollo.registrouserstory", "pk": 31, "fields": {"user_story": 2, "sprint": 3, "nombre_user_story": "Editar perfil personal", "usuario": "pistoleronani1912@gmail.com", "detalles": "Avances de una manera.", "fecha": "2021-10-23", "horas_trabajadas": 5, "horas_totales": 5, "contador_registro": 1}}, {"model": "desarrollo.registrouserstory", "pk": 32, "fields": {"user_story": 2, "sprint": 3, "nombre_user_story": "Editar perfil personal", "usuario": "pistoleronani1912@gmail.com", "detalles": "pistolaaa", "fecha": "2021-10-24", "horas_trabajadas": 5, "horas_totales": 10, "contador_registro": 2}}, {"model": "desarrollo.registrouserstory", "pk": 33, "fields": {"user_story": 2, "sprint": 3, "nombre_user_story": "Editar perfil personal", "usuario": "pistoleronani1912@gmail.com", "detalles": "Sprint culminacion!", "fecha": "2021-10-24", "horas_trabajadas": 5, "horas_totales": 15, "contador_registro": 3}}, {"model": "desarrollo.registrouserstory", "pk": 34, "fields": {"user_story": 2, "sprint": 3, "nombre_user_story": "Editar perfil personal", "usuario": "chapiparrizo@gmail.com", "detalles": "Aprobado", "fecha": "2021-10-24", "horas_trabajadas": 0, "horas_totales": 15, "contador_registro": 4}}, {"model": "desarrollo.registrouserstory", "pk": 35, "fields": {"user_story": 5, "sprint": 3, "nombre_user_story": "Bloquear usuarios", "usuario": "chapiparrizo@gmail.com", "detalles": "Aprobado", "fecha": "2021-10-24", "horas_trabajadas": 0, "horas_totales": 19, "contador_registro": 4}}, {"model": "desarrollo.registrouserstory", "pk": 36, "fields": {"user_story": 19, "sprint": 4, "nombre_user_story": "Estudio de nivel de alcohol", "usuario": "jhntnfabro@gmail.com", "detalles": "se trabajo 5 hrs por el", "fecha": "2021-10-28", "horas_trabajadas": 5, "horas_totales": 5, "contador_registro": 1}}, {"model": "desarrollo.registrouserstory", "pk": 37, "fields": {"user_story": 18, "sprint": 4, "nombre_user_story": "Analisis de azucar residual", "usuario": "pistoleronani1912@gmail.com", "detalles": "se trabajo 7 horas por el", "fecha": "2021-10-28", "horas_trabajadas": 7, "horas_totales": 7, "contador_registro": 1}}, {"model": "guardian.groupobjectpermission", "pk": 1, "fields": {"permission": 83, "content_type": 15, "object_pk": "1", "group": 2}}, {"model": "guardian.groupobjectpermission", "pk": 2, "fields": {"permission": 82, "content_type": 15, "object_pk": "1", "group": 2}}, {"model": "guardian.groupobjectpermission", "pk": 3, "fields": {"permission": 76, "content_type": 15, "object_pk": "1", "group": 2}}, {"model": "guardian.groupobjectpermission", "pk": 4, "fields": {"permission": 84, "content_type": 15, "object_pk": "1", "group": 2}}, {"model": "guardian.groupobjectpermission", "pk": 5, "fields": {"permission": 62, "content_type": 15, "object_pk": "1", "group": 2}}, {"model": "guardian.groupobjectpermission", "pk": 6, "fields": {"permission": 70, "content_type": 15, "object_pk": "1", "group": 2}}, {"model": "guardian.groupobjectpermission", "pk": 7, "fields": {"permission": 59, "content_type": 15, "object_pk": "1", "group": 2}}, {"model": "guardian.groupobjectpermission", "pk": 8, "fields": {"permission": 81, "content_type": 15, "object_pk": "1", "group": 2}}, {"model": "guardian.groupobjectpermission", "pk": 9, "fields": {"permission": 66, "content_type": 15, "object_pk": "1", "group": 2}}, {"model": "guardian.groupobjectpermission", "pk": 10, "fields": {"permission": 79, "content_type": 15, "object_pk": "1", "group": 2}}, {"model": "guardian.groupobjectpermission", "pk": 11, "fields": {"permission": 74, "content_type": 15, "object_pk": "1", "group": 2}}, {"model": "guardian.groupobjectpermission", "pk": 12, "fields": {"permission": 84, "content_type": 15, "object_pk": "1", "group": 3}}, {"model": "guardian.groupobjectpermission", "pk": 13, "fields": {"permission": 62, "content_type": 15, "object_pk": "1", "group": 3}}, {"model": "guardian.groupobjectpermission", "pk": 14, "fields": {"permission": 70, "content_type": 15, "object_pk": "1", "group": 3}}, {"model": "guardian.groupobjectpermission", "pk": 15, "fields": {"permission": 59, "content_type": 15, "object_pk": "1", "group": 3}}, {"model": "guardian.groupobjectpermission", "pk": 16, "fields": {"permission": 85, "content_type": 15, "object_pk": "1", "group": 3}}, {"model": "guardian.groupobjectpermission", "pk": 17, "fields": {"permission": 66, "content_type": 15, "object_pk": "1", "group": 3}}, {"model": "guardian.groupobjectpermission", "pk": 18, "fields": {"permission": 79, "content_type": 15, "object_pk": "1", "group": 3}}, {"model": "guardian.groupobjectpermission", "pk": 19, "fields": {"permission": 63, "content_type": 15, "object_pk": "1", "group": 4}}, {"model": "guardian.groupobjectpermission", "pk": 20, "fields": {"permission": 83, "content_type": 15, "object_pk": "1", "group": 4}}, {"model": "guardian.groupobjectpermission", "pk": 21, "fields": {"permission": 61, "content_type": 15, "object_pk": "1", "group": 4}}, {"model": "guardian.groupobjectpermission", "pk": 22, "fields": {"permission": 82, "content_type": 15, "object_pk": "1", "group": 4}}, {"model": "guardian.groupobjectpermission", "pk": 23, "fields": {"permission": 67, "content_type": 15, "object_pk": "1", "group": 4}}, {"model": "guardian.groupobjectpermission", "pk": 24, "fields": {"permission": 71, "content_type": 15, "object_pk": "1", "group": 4}}, {"model": "guardian.groupobjectpermission", "pk": 25, "fields": {"permission": 64, "content_type": 15, "object_pk": "1", "group": 4}}, {"model": "guardian.groupobjectpermission", "pk": 26, "fields": {"permission": 68, "content_type": 15, "object_pk": "1", "group": 4}}, {"model": "guardian.groupobjectpermission", "pk": 27, "fields": {"permission": 72, "content_type": 15, "object_pk": "1", "group": 4}}, {"model": "guardian.groupobjectpermission", "pk": 28, "fields": {"permission": 65, "content_type": 15, "object_pk": "1", "group": 4}}, {"model": "guardian.groupobjectpermission", "pk": 29, "fields": {"permission": 69, "content_type": 15, "object_pk": "1", "group": 4}}, {"model": "guardian.groupobjectpermission", "pk": 30, "fields": {"permission": 73, "content_type": 15, "object_pk": "1", "group": 4}}, {"model": "guardian.groupobjectpermission", "pk": 31, "fields": {"permission": 76, "content_type": 15, "object_pk": "1", "group": 4}}, {"model": "guardian.groupobjectpermission", "pk": 32, "fields": {"permission": 60, "content_type": 15, "object_pk": "1", "group": 4}}, {"model": "guardian.groupobjectpermission", "pk": 33, "fields": {"permission": 77, "content_type": 15, "object_pk": "1", "group": 4}}, {"model": "guardian.groupobjectpermission", "pk": 34, "fields": {"permission": 75, "content_type": 15, "object_pk": "1", "group": 4}}, {"model": "guardian.groupobjectpermission", "pk": 35, "fields": {"permission": 80, "content_type": 15, "object_pk": "1", "group": 4}}, {"model": "guardian.groupobjectpermission", "pk": 36, "fields": {"permission": 78, "content_type": 15, "object_pk": "1", "group": 4}}, {"model": "guardian.groupobjectpermission", "pk": 37, "fields": {"permission": 84, "content_type": 15, "object_pk": "1", "group": 4}}, {"model": "guardian.groupobjectpermission", "pk": 38, "fields": {"permission": 62, "content_type": 15, "object_pk": "1", "group": 4}}, {"model": "guardian.groupobjectpermission", "pk": 39, "fields": {"permission": 70, "content_type": 15, "object_pk": "1", "group": 4}}, {"model": "guardian.groupobjectpermission", "pk": 40, "fields": {"permission": 59, "content_type": 15, "object_pk": "1", "group": 4}}, {"model": "guardian.groupobjectpermission", "pk": 41, "fields": {"permission": 85, "content_type": 15, "object_pk": "1", "group": 4}}, {"model": "guardian.groupobjectpermission", "pk": 42, "fields": {"permission": 81, "content_type": 15, "object_pk": "1", "group": 4}}, {"model": "guardian.groupobjectpermission", "pk": 43, "fields": {"permission": 66, "content_type": 15, "object_pk": "1", "group": 4}}, {"model": "guardian.groupobjectpermission", "pk": 44, "fields": {"permission": 79, "content_type": 15, "object_pk": "1", "group": 4}}, {"model": "guardian.groupobjectpermission", "pk": 45, "fields": {"permission": 74, "content_type": 15, "object_pk": "1", "group": 4}}, {"model": "guardian.groupobjectpermission", "pk": 46, "fields": {"permission": 83, "content_type": 15, "object_pk": "2", "group": 5}}, {"model": "guardian.groupobjectpermission", "pk": 47, "fields": {"permission": 82, "content_type": 15, "object_pk": "2", "group": 5}}, {"model": "guardian.groupobjectpermission", "pk": 48, "fields": {"permission": 76, "content_type": 15, "object_pk": "2", "group": 5}}, {"model": "guardian.groupobjectpermission", "pk": 49, "fields": {"permission": 84, "content_type": 15, "object_pk": "2", "group": 5}}, {"model": "guardian.groupobjectpermission", "pk": 50, "fields": {"permission": 62, "content_type": 15, "object_pk": "2", "group": 5}}, {"model": "guardian.groupobjectpermission", "pk": 51, "fields": {"permission": 70, "content_type": 15, "object_pk": "2", "group": 5}}, {"model": "guardian.groupobjectpermission", "pk": 52, "fields": {"permission": 59, "content_type": 15, "object_pk": "2", "group": 5}}, {"model": "guardian.groupobjectpermission", "pk": 53, "fields": {"permission": 81, "content_type": 15, "object_pk": "2", "group": 5}}, {"model": "guardian.groupobjectpermission", "pk": 54, "fields": {"permission": 66, "content_type": 15, "object_pk": "2", "group": 5}}, {"model": "guardian.groupobjectpermission", "pk": 55, "fields": {"permission": 79, "content_type": 15, "object_pk": "2", "group": 5}}, {"model": "guardian.groupobjectpermission", "pk": 56, "fields": {"permission": 74, "content_type": 15, "object_pk": "2", "group": 5}}, {"model": "guardian.groupobjectpermission", "pk": 57, "fields": {"permission": 84, "content_type": 15, "object_pk": "2", "group": 6}}, {"model": "guardian.groupobjectpermission", "pk": 58, "fields": {"permission": 62, "content_type": 15, "object_pk": "2", "group": 6}}, {"model": "guardian.groupobjectpermission", "pk": 59, "fields": {"permission": 70, "content_type": 15, "object_pk": "2", "group": 6}}, {"model": "guardian.groupobjectpermission", "pk": 60, "fields": {"permission": 59, "content_type": 15, "object_pk": "2", "group": 6}}, {"model": "guardian.groupobjectpermission", "pk": 61, "fields": {"permission": 85, "content_type": 15, "object_pk": "2", "group": 6}}, {"model": "guardian.groupobjectpermission", "pk": 62, "fields": {"permission": 66, "content_type": 15, "object_pk": "2", "group": 6}}, {"model": "guardian.groupobjectpermission", "pk": 63, "fields": {"permission": 79, "content_type": 15, "object_pk": "2", "group": 6}}, {"model": "guardian.groupobjectpermission", "pk": 64, "fields": {"permission": 63, "content_type": 15, "object_pk": "2", "group": 7}}, {"model": "guardian.groupobjectpermission", "pk": 65, "fields": {"permission": 83, "content_type": 15, "object_pk": "2", "group": 7}}, {"model": "guardian.groupobjectpermission", "pk": 66, "fields": {"permission": 61, "content_type": 15, "object_pk": "2", "group": 7}}, {"model": "guardian.groupobjectpermission", "pk": 67, "fields": {"permission": 82, "content_type": 15, "object_pk": "2", "group": 7}}, {"model": "guardian.groupobjectpermission", "pk": 68, "fields": {"permission": 67, "content_type": 15, "object_pk": "2", "group": 7}}, {"model": "guardian.groupobjectpermission", "pk": 69, "fields": {"permission": 71, "content_type": 15, "object_pk": "2", "group": 7}}, {"model": "guardian.groupobjectpermission", "pk": 70, "fields": {"permission": 64, "content_type": 15, "object_pk": "2", "group": 7}}, {"model": "guardian.groupobjectpermission", "pk": 71, "fields": {"permission": 68, "content_type": 15, "object_pk": "2", "group": 7}}, {"model": "guardian.groupobjectpermission", "pk": 72, "fields": {"permission": 72, "content_type": 15, "object_pk": "2", "group": 7}}, {"model": "guardian.groupobjectpermission", "pk": 73, "fields": {"permission": 65, "content_type": 15, "object_pk": "2", "group": 7}}, {"model": "guardian.groupobjectpermission", "pk": 74, "fields": {"permission": 69, "content_type": 15, "object_pk": "2", "group": 7}}, {"model": "guardian.groupobjectpermission", "pk": 75, "fields": {"permission": 73, "content_type": 15, "object_pk": "2", "group": 7}}, {"model": "guardian.groupobjectpermission", "pk": 76, "fields": {"permission": 76, "content_type": 15, "object_pk": "2", "group": 7}}, {"model": "guardian.groupobjectpermission", "pk": 77, "fields": {"permission": 60, "content_type": 15, "object_pk": "2", "group": 7}}, {"model": "guardian.groupobjectpermission", "pk": 78, "fields": {"permission": 77, "content_type": 15, "object_pk": "2", "group": 7}}, {"model": "guardian.groupobjectpermission", "pk": 79, "fields": {"permission": 75, "content_type": 15, "object_pk": "2", "group": 7}}, {"model": "guardian.groupobjectpermission", "pk": 80, "fields": {"permission": 80, "content_type": 15, "object_pk": "2", "group": 7}}, {"model": "guardian.groupobjectpermission", "pk": 81, "fields": {"permission": 78, "content_type": 15, "object_pk": "2", "group": 7}}, {"model": "guardian.groupobjectpermission", "pk": 82, "fields": {"permission": 84, "content_type": 15, "object_pk": "2", "group": 7}}, {"model": "guardian.groupobjectpermission", "pk": 83, "fields": {"permission": 62, "content_type": 15, "object_pk": "2", "group": 7}}, {"model": "guardian.groupobjectpermission", "pk": 84, "fields": {"permission": 70, "content_type": 15, "object_pk": "2", "group": 7}}, {"model": "guardian.groupobjectpermission", "pk": 85, "fields": {"permission": 59, "content_type": 15, "object_pk": "2", "group": 7}}, {"model": "guardian.groupobjectpermission", "pk": 86, "fields": {"permission": 85, "content_type": 15, "object_pk": "2", "group": 7}}, {"model": "guardian.groupobjectpermission", "pk": 87, "fields": {"permission": 81, "content_type": 15, "object_pk": "2", "group": 7}}, {"model": "guardian.groupobjectpermission", "pk": 88, "fields": {"permission": 66, "content_type": 15, "object_pk": "2", "group": 7}}, {"model": "guardian.groupobjectpermission", "pk": 89, "fields": {"permission": 79, "content_type": 15, "object_pk": "2", "group": 7}}, {"model": "guardian.groupobjectpermission", "pk": 90, "fields": {"permission": 74, "content_type": 15, "object_pk": "2", "group": 7}}]